file_name,phasic_percentile,tonic_percentile,phasic_threshold_uV,tonic_threshold_uV,total_rem_s,total_phasic_s,total_tonic_s,total_transition_s,pct_phasic_of_rem,pct_tonic_of_rem,pct_transition_of_rem,n_rem_periods,n_phasic_bouts,n_tonic_bouts,n_transition_bouts,mean_phasic_bouts_per_rem,mean_tonic_bouts_per_rem,mean_transition_bouts_per_rem,variant,theta_eeg_channel,theta_eeg_note,preproc_note
SC4001E0-PSG.edf,80.0,10.0,31.438,23.649,3750.0,1806.71,348.0,1232.0,48.179,9.28,32.853,6,143,63,146,23.833,10.5,24.333,ph80_to10,Pz-Oz,Theta computed from EEG Pz-Oz; labels from EOG.,Bandpass 0.1–60.0 Hz; Welch detrend=linear.
SC4002E0-PSG.edf,80.0,10.0,23.335,33.918,6450.0,6005.82,24.0,116.0,93.113,0.372,1.798,12,131,5,28,10.917,0.417,2.333,ph80_to10,Pz-Oz,Theta computed from EEG Pz-Oz; labels from EOG.,Bandpass 0.1–60.0 Hz; Welch detrend=linear.
SC4011E0-PSG.edf,80.0,10.0,37.789,21.205,5100.0,1697.87,508.0,2300.0,33.292,9.961,45.098,8,242,79,231,30.25,9.875,28.875,ph80_to10,Pz-Oz,Theta computed from EEG Pz-Oz; labels from EOG.,Bandpass 0.1–60.0 Hz; Welch detrend=linear.
SC4012E0-PSG.edf,80.0,10.0,63.055,30.122,5280.0,1664.19,508.0,2560.0,31.519,9.621,48.485,18,232,71,240,12.889,3.944,13.333,ph80_to10,Pz-Oz,Theta computed from EEG Pz-Oz; labels from EOG.,Bandpass 0.1–60.0 Hz; Welch detrend=linear.
SC4021E0-PSG.edf,80.0,10.0,34.52,20.717,4890.0,1835.82,476.0,1996.0,37.542,9.734,40.818,15,224,76,210,14.933,5.067,14.0,ph80_to10,Pz-Oz,Theta computed from EEG Pz-Oz; labels from EOG.,Bandpass 0.1–60.0 Hz; Welch detrend=linear.
SC4022E0-PSG.edf,80.0,10.0,51.577,30.241,5370.0,1833.28,532.0,2356.0,34.139,9.907,43.873,11,245,88,236,22.273,8.0,21.455,ph80_to10,Pz-Oz,Theta computed from EEG Pz-Oz; labels from EOG.,Bandpass 0.1–60.0 Hz; Welch detrend=linear.
SC4031E0-PSG.edf,80.0,10.0,31.92,31.879,6270.0,4150.74,516.0,780.0,66.2,8.23,12.44,10,323,106,157,32.3,10.6,15.7,ph80_to10,Pz-Oz,Theta computed from EEG Pz-Oz; labels from EOG.,Bandpass 0.1–60.0 Hz; Welch detrend=linear.
SC4032E0-PSG.edf,80.0,10.0,36.862,34.504,5970.0,3703.57,488.0,984.0,62.036,8.174,16.482,12,308,95,182,25.667,7.917,15.167,ph80_to10,Pz-Oz,Theta computed from EEG Pz-Oz; labels from EOG.,Bandpass 0.1–60.0 Hz; Welch detrend=linear.
SC4041E0-PSG.edf,80.0,10.0,34.814,24.305,5880.0,2712.66,568.0,1964.0,46.134,9.66,33.401,24,239,105,226,9.958,4.375,9.417,ph80_to10,Pz-Oz,Theta computed from EEG Pz-Oz; labels from EOG.,Bandpass 0.1–60.0 Hz; Welch detrend=linear.
SC4042E0-PSG.edf,80.0,10.0,33.642,21.581,8100.0,3399.98,800.0,3108.0,41.975,9.877,38.37,33,308,139,321,9.333,4.212,9.727,ph80_to10,Pz-Oz,Theta computed from EEG Pz-Oz; labels from EOG.,Bandpass 0.1–60.0 Hz; Welch detrend=linear.
SC4051E0-PSG.edf,80.0,10.0,19.5,18.167,2040.0,1202.63,172.0,420.0,58.952,8.431,20.588,3,91,31,66,30.333,10.333,22.0,ph80_to10,Pz-Oz,Theta computed from EEG Pz-Oz; labels from EOG.,Bandpass 0.1–60.0 Hz; Welch detrend=linear.
SC4052E0-PSG.edf,80.0,10.0,32.755,33.052,5400.0,3506.4,432.0,668.0,64.933,8.0,12.37,12,315,85,141,26.25,7.083,11.75,ph80_to10,Pz-Oz,Theta computed from EEG Pz-Oz; labels from EOG.,Bandpass 0.1–60.0 Hz; Welch detrend=linear.
SC4061E0-PSG.edf,80.0,10.0,31.208,33.726,3060.0,2176.45,156.0,324.0,71.126,5.098,10.588,4,167,31,73,41.75,7.75,18.25,ph80_to10,Pz-Oz,Theta computed from EEG Pz-Oz; labels from EOG.,Bandpass 0.1–60.0 Hz; Welch detrend=linear.
SC4062E0-PSG.edf,80.0,10.0,30.677,19.14,5610.0,2059.67,548.0,2356.0,36.714,9.768,41.996,6,262,89,244,43.667,14.833,40.667,ph80_to10,Pz-Oz,Theta computed from EEG Pz-Oz; labels from EOG.,Bandpass 0.1–60.0 Hz; Welch detrend=linear.
SC4071E0-PSG.edf,80.0,10.0,24.561,22.546,5940.0,3805.57,500.0,1016.0,64.067,8.418,17.104,11,235,99,164,21.364,9.0,14.909,ph80_to10,Pz-Oz,Theta computed from EEG Pz-Oz; labels from EOG.,Bandpass 0.1–60.0 Hz; Welch detrend=linear.
SC4072E0-PSG.edf,80.0,10.0,31.792,35.579,5040.0,4047.33,196.0,276.0,80.304,3.889,5.476,31,203,38,62,6.548,1.226,2.0,ph80_to10,Pz-Oz,Theta computed from EEG Pz-Oz; labels from EOG.,Bandpass 0.1–60.0 Hz; Welch detrend=linear.
SC4081E0-PSG.edf,80.0,10.0,55.585,25.228,3930.0,1230.17,392.0,1908.0,31.302,9.975,48.55,4,155,61,170,38.75,15.25,42.5,ph80_to10,Pz-Oz,Theta computed from EEG Pz-Oz; labels from EOG.,Bandpass 0.1–60.0 Hz; Welch detrend=linear.
SC4082E0-PSG.edf,80.0,10.0,55.971,24.296,7800.0,2566.52,764.0,3580.0,32.904,9.795,45.897,8,351,109,335,43.875,13.625,41.875,ph80_to10,Pz-Oz,Theta computed from EEG Pz-Oz; labels from EOG.,Bandpass 0.1–60.0 Hz; Welch detrend=linear.
SC4091E0-PSG.edf,80.0,10.0,22.195,20.516,6960.0,4306.23,616.0,1176.0,61.871,8.851,16.897,17,341,108,207,20.059,6.353,12.176,ph80_to10,Pz-Oz,Theta computed from EEG Pz-Oz; labels from EOG.,Bandpass 0.1–60.0 Hz; Welch detrend=linear.
SC4092E0-PSG.edf,80.0,10.0,24.749,29.422,7950.0,6647.35,220.0,344.0,83.614,2.767,4.327,12,290,51,81,24.167,4.25,6.75,ph80_to10,Pz-Oz,Theta computed from EEG Pz-Oz; labels from EOG.,Bandpass 0.1–60.0 Hz; Welch detrend=linear.
SC4101E0-PSG.edf,80.0,10.0,42.076,27.304,6210.0,2975.7,604.0,2044.0,47.918,9.726,32.915,4,243,91,229,60.75,22.75,57.25,ph80_to10,Pz-Oz,Theta computed from EEG Pz-Oz; labels from EOG.,Bandpass 0.1–60.0 Hz; Welch detrend=linear.
SC4102E0-PSG.edf,80.0,10.0,48.982,28.061,5970.0,2743.08,596.0,2000.0,45.948,9.983,33.501,3,241,85,228,80.333,28.333,76.0,ph80_to10,Pz-Oz,Theta computed from EEG Pz-Oz; labels from EOG.,Bandpass 0.1–60.0 Hz; Welch detrend=linear.
SC4111E0-PSG.edf,80.0,10.0,31.781,20.286,4740.0,2109.61,468.0,1616.0,44.507,9.873,34.093,6,212,77,202,35.333,12.833,33.667,ph80_to10,Pz-Oz,Theta computed from EEG Pz-Oz; labels from EOG.,Bandpass 0.1–60.0 Hz; Welch detrend=linear.
SC4112E0-PSG.edf,80.0,10.0,23.563,31.816,4530.0,4073.28,52.0,112.0,89.918,1.148,2.472,7,122,13,26,17.429,1.857,3.714,ph80_to10,Pz-Oz,Theta computed from EEG Pz-Oz; labels from EOG.,Bandpass 0.1–60.0 Hz; Welch detrend=linear.
SC4121E0-PSG.edf,80.0,10.0,18.238,17.601,7740.0,4993.49,680.0,1124.0,64.515,8.786,14.522,8,361,134,211,45.125,16.75,26.375,ph80_to10,Pz-Oz,Theta computed from EEG Pz-Oz; labels from EOG.,Bandpass 0.1–60.0 Hz; Welch detrend=linear.
SC4001E0-PSG.edf,80.0,15.0,31.438,25.567,3750.0,1806.71,532.0,1036.0,48.179,14.187,27.627,6,143,86,146,23.833,14.333,24.333,ph80_to15,Pz-Oz,Theta computed from EEG Pz-Oz; labels from EOG.,Bandpass 0.1–60.0 Hz; Welch detrend=linear.
SC4002E0-PSG.edf,80.0,15.0,23.335,36.538,6450.0,6005.82,24.0,116.0,93.113,0.372,1.798,12,131,5,28,10.917,0.417,2.333,ph80_to15,Pz-Oz,Theta computed from EEG Pz-Oz; labels from EOG.,Bandpass 0.1–60.0 Hz; Welch detrend=linear.
SC4011E0-PSG.edf,80.0,15.0,37.789,23.063,5100.0,1697.87,756.0,2036.0,33.292,14.824,39.922,8,242,97,235,30.25,12.125,29.375,ph80_to15,Pz-Oz,Theta computed from EEG Pz-Oz; labels from EOG.,Bandpass 0.1–60.0 Hz; Welch detrend=linear.
SC4012E0-PSG.edf,80.0,15.0,63.055,34.23,5280.0,1664.19,768.0,2272.0,31.519,14.545,43.03,18,232,94,250,12.889,5.222,13.889,ph80_to15,Pz-Oz,Theta computed from EEG Pz-Oz; labels from EOG.,Bandpass 0.1–60.0 Hz; Welch detrend=linear.
SC4021E0-PSG.edf,80.0,15.0,34.52,22.898,4890.0,1835.82,712.0,1740.0,37.542,14.56,35.583,15,224,95,212,14.933,6.333,14.133,ph80_to15,Pz-Oz,Theta computed from EEG Pz-Oz; labels from EOG.,Bandpass 0.1–60.0 Hz; Welch detrend=linear.
SC4022E0-PSG.edf,80.0,15.0,51.577,33.421,5370.0,1833.28,776.0,2080.0,34.139,14.451,38.734,11,245,117,240,22.273,10.636,21.818,ph80_to15,Pz-Oz,Theta computed from EEG Pz-Oz; labels from EOG.,Bandpass 0.1–60.0 Hz; Welch detrend=linear.
SC4031E0-PSG.edf,80.0,15.0,31.92,34.849,6270.0,4150.74,596.0,680.0,66.2,9.506,10.845,10,323,110,143,32.3,11.0,14.3,ph80_to15,Pz-Oz,Theta computed from EEG Pz-Oz; labels from EOG.,Bandpass 0.1–60.0 Hz; Welch detrend=linear.
SC4032E0-PSG.edf,80.0,15.0,36.862,37.009,5970.0,3703.57,712.0,736.0,62.036,11.926,12.328,12,308,129,157,25.667,10.75,13.083,ph80_to15,Pz-Oz,Theta computed from EEG Pz-Oz; labels from EOG.,Bandpass 0.1–60.0 Hz; Welch detrend=linear.
SC4041E0-PSG.edf,80.0,15.0,34.814,26.26,5880.0,2712.66,840.0,1684.0,46.134,14.286,28.639,24,239,125,224,9.958,5.208,9.333,ph80_to15,Pz-Oz,Theta computed from EEG Pz-Oz; labels from EOG.,Bandpass 0.1–60.0 Hz; Welch detrend=linear.
SC4042E0-PSG.edf,80.0,15.0,33.642,23.314,8100.0,3399.98,1200.0,2676.0,41.975,14.815,33.037,33,308,168,332,9.333,5.091,10.061,ph80_to15,Pz-Oz,Theta computed from EEG Pz-Oz; labels from EOG.,Bandpass 0.1–60.0 Hz; Welch detrend=linear.
SC4051E0-PSG.edf,80.0,15.0,19.5,19.008,2040.0,1202.63,260.0,324.0,58.952,12.745,15.882,3,91,41,58,30.333,13.667,19.333,ph80_to15,Pz-Oz,Theta computed from EEG Pz-Oz; labels from EOG.,Bandpass 0.1–60.0 Hz; Welch detrend=linear.
SC4052E0-PSG.edf,80.0,15.0,32.755,35.575,5400.0,3506.4,472.0,624.0,64.933,8.741,11.556,12,315,91,134,26.25,7.583,11.167,ph80_to15,Pz-Oz,Theta computed from EEG Pz-Oz; labels from EOG.,Bandpass 0.1–60.0 Hz; Welch detrend=linear.
SC4061E0-PSG.edf,80.0,15.0,31.208,36.745,3060.0,2176.45,160.0,316.0,71.126,5.229,10.327,4,167,32,72,41.75,8.0,18.0,ph80_to15,Pz-Oz,Theta computed from EEG Pz-Oz; labels from EOG.,Bandpass 0.1–60.0 Hz; Welch detrend=linear.
SC4062E0-PSG.edf,80.0,15.0,30.677,20.877,5610.0,2059.67,820.0,2060.0,36.714,14.617,36.72,6,262,110,239,43.667,18.333,39.833,ph80_to15,Pz-Oz,Theta computed from EEG Pz-Oz; labels from EOG.,Bandpass 0.1–60.0 Hz; Welch detrend=linear.
SC4071E0-PSG.edf,80.0,15.0,24.561,23.964,5940.0,3805.57,748.0,756.0,64.067,12.593,12.727,11,235,118,151,21.364,10.727,13.727,ph80_to15,Pz-Oz,Theta computed from EEG Pz-Oz; labels from EOG.,Bandpass 0.1–60.0 Hz; Welch detrend=linear.
SC4072E0-PSG.edf,80.0,15.0,31.792,39.231,5040.0,4047.33,228.0,240.0,80.304,4.524,4.762,31,203,41,56,6.548,1.323,1.806,ph80_to15,Pz-Oz,Theta computed from EEG Pz-Oz; labels from EOG.,Bandpass 0.1–60.0 Hz; Welch detrend=linear.
SC4081E0-PSG.edf,80.0,15.0,55.585,28.668,3930.0,1230.17,584.0,1716.0,31.302,14.86,43.664,4,155,79,182,38.75,19.75,45.5,ph80_to15,Pz-Oz,Theta computed from EEG Pz-Oz; labels from EOG.,Bandpass 0.1–60.0 Hz; Welch detrend=linear.
SC4082E0-PSG.edf,80.0,15.0,55.971,28.695,7800.0,2566.52,1152.0,3148.0,32.904,14.769,40.359,8,351,146,351,43.875,18.25,43.875,ph80_to15,Pz-Oz,Theta computed from EEG Pz-Oz; labels from EOG.,Bandpass 0.1–60.0 Hz; Welch detrend=linear.
SC4091E0-PSG.edf,80.0,15.0,22.195,21.993,6960.0,4306.23,920.0,848.0,61.871,13.218,12.184,17,341,150,177,20.059,8.824,10.412,ph80_to15,Pz-Oz,Theta computed from EEG Pz-Oz; labels from EOG.,Bandpass 0.1–60.0 Hz; Welch detrend=linear.
SC4092E0-PSG.edf,80.0,15.0,24.749,32.143,7950.0,6647.35,244.0,316.0,83.614,3.069,3.975,12,290,53,75,24.167,4.417,6.25,ph80_to15,Pz-Oz,Theta computed from EEG Pz-Oz; labels from EOG.,Bandpass 0.1–60.0 Hz; Welch detrend=linear.
SC4101E0-PSG.edf,80.0,15.0,42.076,30.896,6210.0,2975.7,896.0,1724.0,47.918,14.428,27.762,4,243,108,224,60.75,27.0,56.0,ph80_to15,Pz-Oz,Theta computed from EEG Pz-Oz; labels from EOG.,Bandpass 0.1–60.0 Hz; Welch detrend=linear.
SC4102E0-PSG.edf,80.0,15.0,48.982,31.301,5970.0,2743.08,880.0,1680.0,45.948,14.74,28.141,3,241,102,212,80.333,34.0,70.667,ph80_to15,Pz-Oz,Theta computed from EEG Pz-Oz; labels from EOG.,Bandpass 0.1–60.0 Hz; Welch detrend=linear.
SC4111E0-PSG.edf,80.0,15.0,31.781,22.203,4740.0,2109.61,676.0,1392.0,44.507,14.262,29.367,6,212,93,194,35.333,15.5,32.333,ph80_to15,Pz-Oz,Theta computed from EEG Pz-Oz; labels from EOG.,Bandpass 0.1–60.0 Hz; Welch detrend=linear.
SC4112E0-PSG.edf,80.0,15.0,23.563,34.471,4530.0,4073.28,60.0,104.0,89.918,1.325,2.296,7,122,14,24,17.429,2.0,3.429,ph80_to15,Pz-Oz,Theta computed from EEG Pz-Oz; labels from EOG.,Bandpass 0.1–60.0 Hz; Welch detrend=linear.
SC4121E0-PSG.edf,80.0,15.0,18.238,18.63,7740.0,4993.49,936.0,840.0,64.515,12.093,10.853,8,361,163,175,45.125,20.375,21.875,ph80_to15,Pz-Oz,Theta computed from EEG Pz-Oz; labels from EOG.,Bandpass 0.1–60.0 Hz; Welch detrend=linear.
SC4001E0-PSG.edf,80.0,20.0,31.438,27.147,3750.0,1806.71,700.0,844.0,48.179,18.667,22.507,6,143,95,133,23.833,15.833,22.167,ph80_to20,Pz-Oz,Theta computed from EEG Pz-Oz; labels from EOG.,Bandpass 0.1–60.0 Hz; Welch detrend=linear.
SC4002E0-PSG.edf,80.0,20.0,23.335,38.851,6450.0,6005.82,24.0,116.0,93.113,0.372,1.798,12,131,5,28,10.917,0.417,2.333,ph80_to20,Pz-Oz,Theta computed from EEG Pz-Oz; labels from EOG.,Bandpass 0.1–60.0 Hz; Welch detrend=linear.
SC4011E0-PSG.edf,80.0,20.0,37.789,25.484,5100.0,1697.87,1000.0,1776.0,33.292,19.608,34.824,8,242,107,232,30.25,13.375,29.0,ph80_to20,Pz-Oz,Theta computed from EEG Pz-Oz; labels from EOG.,Bandpass 0.1–60.0 Hz; Welch detrend=linear.
SC4012E0-PSG.edf,80.0,20.0,63.055,39.758,5280.0,1664.19,1028.0,1984.0,31.519,19.47,37.576,18,232,110,246,12.889,6.111,13.667,ph80_to20,Pz-Oz,Theta computed from EEG Pz-Oz; labels from EOG.,Bandpass 0.1–60.0 Hz; Welch detrend=linear.
SC4021E0-PSG.edf,80.0,20.0,34.52,24.598,4890.0,1835.82,952.0,1472.0,37.542,19.468,30.102,15,224,105,198,14.933,7.0,13.2,ph80_to20,Pz-Oz,Theta computed from EEG Pz-Oz; labels from EOG.,Bandpass 0.1–60.0 Hz; Welch detrend=linear.
SC4022E0-PSG.edf,80.0,20.0,51.577,36.386,5370.0,1833.28,1032.0,1808.0,34.139,19.218,33.669,11,245,140,242,22.273,12.727,22.0,ph80_to20,Pz-Oz,Theta computed from EEG Pz-Oz; labels from EOG.,Bandpass 0.1–60.0 Hz; Welch detrend=linear.
SC4031E0-PSG.edf,80.0,20.0,31.92,37.098,6270.0,4150.74,636.0,632.0,66.2,10.144,10.08,10,323,112,137,32.3,11.2,13.7,ph80_to20,Pz-Oz,Theta computed from EEG Pz-Oz; labels from EOG.,Bandpass 0.1–60.0 Hz; Welch detrend=linear.
SC4032E0-PSG.edf,80.0,20.0,36.862,39.683,5970.0,3703.57,792.0,648.0,62.036,13.266,10.854,12,308,138,141,25.667,11.5,11.75,ph80_to20,Pz-Oz,Theta computed from EEG Pz-Oz; labels from EOG.,Bandpass 0.1–60.0 Hz; Welch detrend=linear.
SC4041E0-PSG.edf,80.0,20.0,34.814,28.163,5880.0,2712.66,1120.0,1376.0,46.134,19.048,23.401,24,239,150,222,9.958,6.25,9.25,ph80_to20,Pz-Oz,Theta computed from EEG Pz-Oz; labels from EOG.,Bandpass 0.1–60.0 Hz; Welch detrend=linear.
SC4042E0-PSG.edf,80.0,20.0,33.642,25.031,8100.0,3399.98,1588.0,2248.0,41.975,19.605,27.753,33,308,185,318,9.333,5.606,9.636,ph80_to20,Pz-Oz,Theta computed from EEG Pz-Oz; labels from EOG.,Bandpass 0.1–60.0 Hz; Welch detrend=linear.
SC4051E0-PSG.edf,80.0,20.0,19.5,20.199,2040.0,1202.63,328.0,248.0,58.952,16.078,12.157,3,91,49,48,30.333,16.333,16.0,ph80_to20,Pz-Oz,Theta computed from EEG Pz-Oz; labels from EOG.,Bandpass 0.1–60.0 Hz; Welch detrend=linear.
SC4052E0-PSG.edf,80.0,20.0,32.755,37.725,5400.0,3506.4,508.0,580.0,64.933,9.407,10.741,12,315,94,129,26.25,7.833,10.75,ph80_to20,Pz-Oz,Theta computed from EEG Pz-Oz; labels from EOG.,Bandpass 0.1–60.0 Hz; Welch detrend=linear.
SC4061E0-PSG.edf,80.0,20.0,31.208,38.554,3060.0,2176.45,168.0,304.0,71.126,5.49,9.935,4,167,32,70,41.75,8.0,17.5,ph80_to20,Pz-Oz,Theta computed from EEG Pz-Oz; labels from EOG.,Bandpass 0.1–60.0 Hz; Welch detrend=linear.
SC4062E0-PSG.edf,80.0,20.0,30.677,22.743,5610.0,2059.67,1088.0,1756.0,36.714,19.394,31.301,6,262,133,235,43.667,22.167,39.167,ph80_to20,Pz-Oz,Theta computed from EEG Pz-Oz; labels from EOG.,Bandpass 0.1–60.0 Hz; Welch detrend=linear.
SC4071E0-PSG.edf,80.0,20.0,24.561,25.212,5940.0,3805.57,932.0,556.0,64.067,15.69,9.36,11,235,131,122,21.364,11.909,11.091,ph80_to20,Pz-Oz,Theta computed from EEG Pz-Oz; labels from EOG.,Bandpass 0.1–60.0 Hz; Welch detrend=linear.
SC4072E0-PSG.edf,80.0,20.0,31.792,41.61,5040.0,4047.33,248.0,216.0,80.304,4.921,4.286,31,203,42,52,6.548,1.355,1.677,ph80_to20,Pz-Oz,Theta computed from EEG Pz-Oz; labels from EOG.,Bandpass 0.1–60.0 Hz; Welch detrend=linear.
SC4081E0-PSG.edf,80.0,20.0,55.585,32.193,3930.0,1230.17,776.0,1520.0,31.302,19.746,38.677,4,155,90,184,38.75,22.5,46.0,ph80_to20,Pz-Oz,Theta computed from EEG Pz-Oz; labels from EOG.,Bandpass 0.1–60.0 Hz; Welch detrend=linear.
SC4082E0-PSG.edf,80.0,20.0,55.971,33.418,7800.0,2566.52,1528.0,2724.0,32.904,19.59,34.923,8,351,173,341,43.875,21.625,42.625,ph80_to20,Pz-Oz,Theta computed from EEG Pz-Oz; labels from EOG.,Bandpass 0.1–60.0 Hz; Welch detrend=linear.
SC4091E0-PSG.edf,80.0,20.0,22.195,23.173,6960.0,4306.23,1068.0,676.0,61.871,15.345,9.713,17,341,159,148,20.059,9.353,8.706,ph80_to20,Pz-Oz,Theta computed from EEG Pz-Oz; labels from EOG.,Bandpass 0.1–60.0 Hz; Welch detrend=linear.
SC4092E0-PSG.edf,80.0,20.0,24.749,34.334,7950.0,6647.35,252.0,308.0,83.614,3.17,3.874,12,290,54,74,24.167,4.5,6.167,ph80_to20,Pz-Oz,Theta computed from EEG Pz-Oz; labels from EOG.,Bandpass 0.1–60.0 Hz; Welch detrend=linear.
SC4101E0-PSG.edf,80.0,20.0,42.076,33.989,6210.0,2975.7,1184.0,1392.0,47.918,19.066,22.415,4,243,129,198,60.75,32.25,49.5,ph80_to20,Pz-Oz,Theta computed from EEG Pz-Oz; labels from EOG.,Bandpass 0.1–60.0 Hz; Welch detrend=linear.
SC4102E0-PSG.edf,80.0,20.0,48.982,35.207,5970.0,2743.08,1176.0,1372.0,45.948,19.698,22.982,3,241,124,194,80.333,41.333,64.667,ph80_to20,Pz-Oz,Theta computed from EEG Pz-Oz; labels from EOG.,Bandpass 0.1–60.0 Hz; Welch detrend=linear.
SC4111E0-PSG.edf,80.0,20.0,31.781,24.33,4740.0,2109.61,908.0,1132.0,44.507,19.156,23.882,6,212,107,180,35.333,17.833,30.0,ph80_to20,Pz-Oz,Theta computed from EEG Pz-Oz; labels from EOG.,Bandpass 0.1–60.0 Hz; Welch detrend=linear.
SC4112E0-PSG.edf,80.0,20.0,23.563,36.478,4530.0,4073.28,60.0,104.0,89.918,1.325,2.296,7,122,14,24,17.429,2.0,3.429,ph80_to20,Pz-Oz,Theta computed from EEG Pz-Oz; labels from EOG.,Bandpass 0.1–60.0 Hz; Welch detrend=linear.
SC4121E0-PSG.edf,80.0,20.0,18.238,19.555,7740.0,4993.49,1036.0,728.0,64.515,13.385,9.406,8,361,162,158,45.125,20.25,19.75,ph80_to20,Pz-Oz,Theta computed from EEG Pz-Oz; labels from EOG.,Bandpass 0.1–60.0 Hz; Welch detrend=linear.
SC4001E0-PSG.edf,85.0,10.0,39.938,23.649,3750.0,1352.93,372.0,1684.0,36.078,9.92,44.907,6,132,67,153,22.0,11.167,25.5,ph85_to10,Pz-Oz,Theta computed from EEG Pz-Oz; labels from EOG.,Bandpass 0.1–60.0 Hz; Welch detrend=linear.
SC4002E0-PSG.edf,85.0,10.0,29.084,33.918,6450.0,5186.68,244.0,332.0,80.414,3.783,5.147,12,278,56,74,23.167,4.667,6.167,ph85_to10,Pz-Oz,Theta computed from EEG Pz-Oz; labels from EOG.,Bandpass 0.1–60.0 Hz; Welch detrend=linear.
SC4011E0-PSG.edf,85.0,10.0,48.666,21.205,5100.0,1321.34,508.0,2764.0,25.909,9.961,54.196,8,200,79,224,25.0,9.875,28.0,ph85_to10,Pz-Oz,Theta computed from EEG Pz-Oz; labels from EOG.,Bandpass 0.1–60.0 Hz; Welch detrend=linear.
SC4012E0-PSG.edf,85.0,10.0,78.824,30.122,5280.0,1381.57,520.0,2896.0,26.166,9.848,54.848,18,196,75,229,10.889,4.167,12.722,ph85_to10,Pz-Oz,Theta computed from EEG Pz-Oz; labels from EOG.,Bandpass 0.1–60.0 Hz; Welch detrend=linear.
SC4021E0-PSG.edf,85.0,10.0,44.445,20.717,4890.0,1405.14,484.0,2520.0,28.735,9.898,51.534,15,186,78,211,12.4,5.2,14.067,ph85_to10,Pz-Oz,Theta computed from EEG Pz-Oz; labels from EOG.,Bandpass 0.1–60.0 Hz; Welch detrend=linear.
SC4022E0-PSG.edf,85.0,10.0,66.271,30.241,5370.0,1378.93,536.0,2948.0,25.678,9.981,54.898,11,194,89,231,17.636,8.091,21.0,ph85_to10,Pz-Oz,Theta computed from EEG Pz-Oz; labels from EOG.,Bandpass 0.1–60.0 Hz; Welch detrend=linear.
SC4031E0-PSG.edf,85.0,10.0,41.999,31.879,6270.0,2646.65,596.0,2244.0,42.211,9.506,35.789,10,284,121,248,28.4,12.1,24.8,ph85_to10,Pz-Oz,Theta computed from EEG Pz-Oz; labels from EOG.,Bandpass 0.1–60.0 Hz; Welch detrend=linear.
SC4032E0-PSG.edf,85.0,10.0,47.136,34.504,5970.0,2343.26,576.0,2328.0,39.251,9.648,38.995,12,271,113,250,22.583,9.417,20.833,ph85_to10,Pz-Oz,Theta computed from EEG Pz-Oz; labels from EOG.,Bandpass 0.1–60.0 Hz; Welch detrend=linear.
SC4041E0-PSG.edf,85.0,10.0,44.998,24.305,5880.0,2072.14,580.0,2644.0,35.24,9.864,44.966,24,217,108,252,9.042,4.5,10.5,ph85_to10,Pz-Oz,Theta computed from EEG Pz-Oz; labels from EOG.,Bandpass 0.1–60.0 Hz; Welch detrend=linear.
SC4042E0-PSG.edf,85.0,10.0,43.962,21.581,8100.0,2737.75,800.0,3888.0,33.799,9.877,48.0,33,268,139,326,8.121,4.212,9.879,ph85_to10,Pz-Oz,Theta computed from EEG Pz-Oz; labels from EOG.,Bandpass 0.1–60.0 Hz; Welch detrend=linear.
SC4051E0-PSG.edf,85.0,10.0,24.82,18.167,2040.0,693.96,200.0,916.0,34.018,9.804,44.902,3,91,37,97,30.333,12.333,32.333,ph85_to10,Pz-Oz,Theta computed from EEG Pz-Oz; labels from EOG.,Bandpass 0.1–60.0 Hz; Welch detrend=linear.
SC4052E0-PSG.edf,85.0,10.0,42.249,33.052,5400.0,2162.19,504.0,2040.0,40.041,9.333,37.778,12,271,101,242,22.583,8.417,20.167,ph85_to10,Pz-Oz,Theta computed from EEG Pz-Oz; labels from EOG.,Bandpass 0.1–60.0 Hz; Welch detrend=linear.
SC4061E0-PSG.edf,85.0,10.0,40.004,33.726,3060.0,1373.99,292.0,960.0,44.902,9.542,31.373,4,161,56,131,40.25,14.0,32.75,ph85_to10,Pz-Oz,Theta computed from EEG Pz-Oz; labels from EOG.,Bandpass 0.1–60.0 Hz; Welch detrend=linear.
SC4062E0-PSG.edf,85.0,10.0,39.889,19.14,5610.0,1463.17,556.0,3072.0,26.081,9.911,54.759,6,211,89,240,35.167,14.833,40.0,ph85_to10,Pz-Oz,Theta computed from EEG Pz-Oz; labels from EOG.,Bandpass 0.1–60.0 Hz; Welch detrend=linear.
SC4071E0-PSG.edf,85.0,10.0,31.763,22.546,5940.0,2465.17,576.0,2308.0,41.501,9.697,38.855,11,222,111,238,20.182,10.091,21.636,ph85_to10,Pz-Oz,Theta computed from EEG Pz-Oz; labels from EOG.,Bandpass 0.1–60.0 Hz; Welch detrend=linear.
SC4072E0-PSG.edf,85.0,10.0,41.617,35.579,5040.0,2753.4,460.0,1164.0,54.631,9.127,23.095,31,236,94,175,7.613,3.032,5.645,ph85_to10,Pz-Oz,Theta computed from EEG Pz-Oz; labels from EOG.,Bandpass 0.1–60.0 Hz; Welch detrend=linear.
SC4081E0-PSG.edf,85.0,10.0,71.331,25.228,3930.0,1072.99,396.0,2096.0,27.303,10.076,53.333,4,140,61,161,35.0,15.25,40.25,ph85_to10,Pz-Oz,Theta computed from EEG Pz-Oz; labels from EOG.,Bandpass 0.1–60.0 Hz; Welch detrend=linear.
SC4082E0-PSG.edf,85.0,10.0,70.098,24.296,7800.0,2123.27,760.0,4144.0,27.221,9.744,53.128,8,306,107,331,38.25,13.375,41.375,ph85_to10,Pz-Oz,Theta computed from EEG Pz-Oz; labels from EOG.,Bandpass 0.1–60.0 Hz; Welch detrend=linear.
SC4091E0-PSG.edf,85.0,10.0,28.328,20.516,6960.0,2853.84,644.0,2720.0,41.003,9.253,39.08,17,299,113,289,17.588,6.647,17.0,ph85_to10,Pz-Oz,Theta computed from EEG Pz-Oz; labels from EOG.,Bandpass 0.1–60.0 Hz; Welch detrend=linear.
SC4092E0-PSG.edf,85.0,10.0,31.996,29.422,7950.0,4916.85,652.0,1340.0,61.847,8.201,16.855,12,413,137,232,34.417,11.417,19.333,ph85_to10,Pz-Oz,Theta computed from EEG Pz-Oz; labels from EOG.,Bandpass 0.1–60.0 Hz; Welch detrend=linear.
SC4101E0-PSG.edf,85.0,10.0,52.485,27.304,6210.0,2291.36,604.0,2680.0,36.898,9.726,43.156,4,246,92,247,61.5,23.0,61.75,ph85_to10,Pz-Oz,Theta computed from EEG Pz-Oz; labels from EOG.,Bandpass 0.1–60.0 Hz; Welch detrend=linear.
SC4102E0-PSG.edf,85.0,10.0,61.207,28.061,5970.0,2277.11,600.0,2560.0,38.143,10.05,42.881,3,211,86,236,70.333,28.667,78.667,ph85_to10,Pz-Oz,Theta computed from EEG Pz-Oz; labels from EOG.,Bandpass 0.1–60.0 Hz; Welch detrend=linear.
SC4111E0-PSG.edf,85.0,10.0,40.898,20.286,4740.0,1588.61,476.0,2196.0,33.515,10.042,46.329,6,188,79,213,31.333,13.167,35.5,ph85_to10,Pz-Oz,Theta computed from EEG Pz-Oz; labels from EOG.,Bandpass 0.1–60.0 Hz; Welch detrend=linear.
SC4112E0-PSG.edf,85.0,10.0,29.737,31.816,4530.0,3446.38,256.0,312.0,76.079,5.651,6.887,7,205,51,72,29.286,7.286,10.286,ph85_to10,Pz-Oz,Theta computed from EEG Pz-Oz; labels from EOG.,Bandpass 0.1–60.0 Hz; Welch detrend=linear.
SC4121E0-PSG.edf,85.0,10.0,23.501,17.601,7740.0,3097.86,752.0,3032.0,40.024,9.716,39.173,8,321,147,331,40.125,18.375,41.375,ph85_to10,Pz-Oz,Theta computed from EEG Pz-Oz; labels from EOG.,Bandpass 0.1–60.0 Hz; Welch detrend=linear.
SC4001E0-PSG.edf,85.0,15.0,39.938,25.567,3750.0,1352.93,548.0,1492.0,36.078,14.613,39.787,6,132,88,163,22.0,14.667,27.167,ph85_to15,Pz-Oz,Theta computed from EEG Pz-Oz; labels from EOG.,Bandpass 0.1–60.0 Hz; Welch detrend=linear.
SC4002E0-PSG.edf,85.0,15.0,29.084,36.538,6450.0,5186.68,272.0,292.0,80.414,4.217,4.527,12,278,63,68,23.167,5.25,5.667,ph85_to15,Pz-Oz,Theta computed from EEG Pz-Oz; labels from EOG.,Bandpass 0.1–60.0 Hz; Welch detrend=linear.
SC4011E0-PSG.edf,85.0,15.0,48.666,23.063,5100.0,1321.34,760.0,2496.0,25.909,14.902,48.941,8,200,98,235,25.0,12.25,29.375,ph85_to15,Pz-Oz,Theta computed from EEG Pz-Oz; labels from EOG.,Bandpass 0.1–60.0 Hz; Welch detrend=linear.
SC4012E0-PSG.edf,85.0,15.0,78.824,34.23,5280.0,1381.57,784.0,2616.0,26.166,14.848,49.545,18,196,98,245,10.889,5.444,13.611,ph85_to15,Pz-Oz,Theta computed from EEG Pz-Oz; labels from EOG.,Bandpass 0.1–60.0 Hz; Welch detrend=linear.
SC4021E0-PSG.edf,85.0,15.0,44.445,22.898,4890.0,1405.14,728.0,2264.0,28.735,14.888,46.299,15,186,96,218,12.4,6.4,14.533,ph85_to15,Pz-Oz,Theta computed from EEG Pz-Oz; labels from EOG.,Bandpass 0.1–60.0 Hz; Welch detrend=linear.
SC4022E0-PSG.edf,85.0,15.0,66.271,33.421,5370.0,1378.93,792.0,2660.0,25.678,14.749,49.534,11,194,121,237,17.636,11.0,21.545,ph85_to15,Pz-Oz,Theta computed from EEG Pz-Oz; labels from EOG.,Bandpass 0.1–60.0 Hz; Welch detrend=linear.
SC4031E0-PSG.edf,85.0,15.0,41.999,34.849,6270.0,2646.65,880.0,1928.0,42.211,14.035,30.75,10,284,162,257,28.4,16.2,25.7,ph85_to15,Pz-Oz,Theta computed from EEG Pz-Oz; labels from EOG.,Bandpass 0.1–60.0 Hz; Welch detrend=linear.
SC4032E0-PSG.edf,85.0,15.0,47.136,37.009,5970.0,2343.26,852.0,2024.0,39.251,14.271,33.903,12,271,158,257,22.583,13.167,21.417,ph85_to15,Pz-Oz,Theta computed from EEG Pz-Oz; labels from EOG.,Bandpass 0.1–60.0 Hz; Welch detrend=linear.
SC4041E0-PSG.edf,85.0,15.0,44.998,26.26,5880.0,2072.14,872.0,2344.0,35.24,14.83,39.864,24,217,130,258,9.042,5.417,10.75,ph85_to15,Pz-Oz,Theta computed from EEG Pz-Oz; labels from EOG.,Bandpass 0.1–60.0 Hz; Welch detrend=linear.
SC4042E0-PSG.edf,85.0,15.0,43.962,23.314,8100.0,2737.75,1204.0,3464.0,33.799,14.864,42.765,33,268,168,343,8.121,5.091,10.394,ph85_to15,Pz-Oz,Theta computed from EEG Pz-Oz; labels from EOG.,Bandpass 0.1–60.0 Hz; Welch detrend=linear.
SC4051E0-PSG.edf,85.0,15.0,24.82,19.008,2040.0,693.96,300.0,796.0,34.018,14.706,39.02,3,91,48,102,30.333,16.0,34.0,ph85_to15,Pz-Oz,Theta computed from EEG Pz-Oz; labels from EOG.,Bandpass 0.1–60.0 Hz; Welch detrend=linear.
SC4052E0-PSG.edf,85.0,15.0,42.249,35.575,5400.0,2162.19,748.0,1756.0,40.041,13.852,32.519,12,271,137,243,22.583,11.417,20.25,ph85_to15,Pz-Oz,Theta computed from EEG Pz-Oz; labels from EOG.,Bandpass 0.1–60.0 Hz; Welch detrend=linear.
SC4061E0-PSG.edf,85.0,15.0,40.004,36.745,3060.0,1373.99,436.0,800.0,44.902,14.248,26.144,4,161,79,130,40.25,19.75,32.5,ph85_to15,Pz-Oz,Theta computed from EEG Pz-Oz; labels from EOG.,Bandpass 0.1–60.0 Hz; Welch detrend=linear.
SC4062E0-PSG.edf,85.0,15.0,39.889,20.877,5610.0,1463.17,836.0,2780.0,26.081,14.902,49.554,6,211,111,247,35.167,18.5,41.167,ph85_to15,Pz-Oz,Theta computed from EEG Pz-Oz; labels from EOG.,Bandpass 0.1–60.0 Hz; Welch detrend=linear.
SC4071E0-PSG.edf,85.0,15.0,31.763,23.964,5940.0,2465.17,860.0,2008.0,41.501,14.478,33.805,11,222,135,249,20.182,12.273,22.636,ph85_to15,Pz-Oz,Theta computed from EEG Pz-Oz; labels from EOG.,Bandpass 0.1–60.0 Hz; Welch detrend=linear.
SC4072E0-PSG.edf,85.0,15.0,41.617,39.231,5040.0,2753.4,676.0,924.0,54.631,13.413,18.333,31,236,119,159,7.613,3.839,5.129,ph85_to15,Pz-Oz,Theta computed from EEG Pz-Oz; labels from EOG.,Bandpass 0.1–60.0 Hz; Welch detrend=linear.
SC4081E0-PSG.edf,85.0,15.0,71.331,28.668,3930.0,1072.99,592.0,1892.0,27.303,15.064,48.142,4,140,80,174,35.0,20.0,43.5,ph85_to15,Pz-Oz,Theta computed from EEG Pz-Oz; labels from EOG.,Bandpass 0.1–60.0 Hz; Welch detrend=linear.
SC4082E0-PSG.edf,85.0,15.0,70.098,28.695,7800.0,2123.27,1148.0,3708.0,27.221,14.718,47.538,8,306,144,348,38.25,18.0,43.5,ph85_to15,Pz-Oz,Theta computed from EEG Pz-Oz; labels from EOG.,Bandpass 0.1–60.0 Hz; Welch detrend=linear.
SC4091E0-PSG.edf,85.0,15.0,28.328,21.993,6960.0,2853.84,972.0,2348.0,41.003,13.966,33.736,17,299,160,297,17.588,9.412,17.471,ph85_to15,Pz-Oz,Theta computed from EEG Pz-Oz; labels from EOG.,Bandpass 0.1–60.0 Hz; Welch detrend=linear.
SC4092E0-PSG.edf,85.0,15.0,31.996,32.143,7950.0,4916.85,964.0,964.0,61.847,12.126,12.126,12,413,192,200,34.417,16.0,16.667,ph85_to15,Pz-Oz,Theta computed from EEG Pz-Oz; labels from EOG.,Bandpass 0.1–60.0 Hz; Welch detrend=linear.
SC4101E0-PSG.edf,85.0,15.0,52.485,30.896,6210.0,2291.36,900.0,2348.0,36.898,14.493,37.81,4,246,110,251,61.5,27.5,62.75,ph85_to15,Pz-Oz,Theta computed from EEG Pz-Oz; labels from EOG.,Bandpass 0.1–60.0 Hz; Welch detrend=linear.
SC4102E0-PSG.edf,85.0,15.0,61.207,31.301,5970.0,2277.11,888.0,2240.0,38.143,14.874,37.521,3,211,104,234,70.333,34.667,78.0,ph85_to15,Pz-Oz,Theta computed from EEG Pz-Oz; labels from EOG.,Bandpass 0.1–60.0 Hz; Welch detrend=linear.
SC4111E0-PSG.edf,85.0,15.0,40.898,22.203,4740.0,1588.61,704.0,1952.0,33.515,14.852,41.181,6,188,99,215,31.333,16.5,35.833,ph85_to15,Pz-Oz,Theta computed from EEG Pz-Oz; labels from EOG.,Bandpass 0.1–60.0 Hz; Welch detrend=linear.
SC4112E0-PSG.edf,85.0,15.0,29.737,34.471,4530.0,3446.38,276.0,288.0,76.079,6.093,6.358,7,205,54,67,29.286,7.714,9.571,ph85_to15,Pz-Oz,Theta computed from EEG Pz-Oz; labels from EOG.,Bandpass 0.1–60.0 Hz; Welch detrend=linear.
SC4121E0-PSG.edf,85.0,15.0,23.501,18.63,7740.0,3097.86,1128.0,2596.0,40.024,14.574,33.54,8,321,196,325,40.125,24.5,40.625,ph85_to15,Pz-Oz,Theta computed from EEG Pz-Oz; labels from EOG.,Bandpass 0.1–60.0 Hz; Welch detrend=linear.
SC4001E0-PSG.edf,85.0,20.0,39.938,27.147,3750.0,1352.93,728.0,1292.0,36.078,19.413,34.453,6,132,100,158,22.0,16.667,26.333,ph85_to20,Pz-Oz,Theta computed from EEG Pz-Oz; labels from EOG.,Bandpass 0.1–60.0 Hz; Welch detrend=linear.
SC4002E0-PSG.edf,85.0,20.0,29.084,38.851,6450.0,5186.68,288.0,276.0,80.414,4.465,4.279,12,278,65,64,23.167,5.417,5.333,ph85_to20,Pz-Oz,Theta computed from EEG Pz-Oz; labels from EOG.,Bandpass 0.1–60.0 Hz; Welch detrend=linear.
SC4011E0-PSG.edf,85.0,20.0,48.666,25.484,5100.0,1321.34,1008.0,2232.0,25.909,19.765,43.765,8,200,109,233,25.0,13.625,29.125,ph85_to20,Pz-Oz,Theta computed from EEG Pz-Oz; labels from EOG.,Bandpass 0.1–60.0 Hz; Welch detrend=linear.
SC4012E0-PSG.edf,85.0,20.0,78.824,39.758,5280.0,1381.57,1048.0,2328.0,26.166,19.848,44.091,18,196,112,250,10.889,6.222,13.889,ph85_to20,Pz-Oz,Theta computed from EEG Pz-Oz; labels from EOG.,Bandpass 0.1–60.0 Hz; Welch detrend=linear.
SC4021E0-PSG.edf,85.0,20.0,44.445,24.598,4890.0,1405.14,968.0,2016.0,28.735,19.796,41.227,15,186,106,216,12.4,7.067,14.4,ph85_to20,Pz-Oz,Theta computed from EEG Pz-Oz; labels from EOG.,Bandpass 0.1–60.0 Hz; Welch detrend=linear.
SC4022E0-PSG.edf,85.0,20.0,66.271,36.386,5370.0,1378.93,1056.0,2388.0,25.678,19.665,44.469,11,194,144,245,17.636,13.091,22.273,ph85_to20,Pz-Oz,Theta computed from EEG Pz-Oz; labels from EOG.,Bandpass 0.1–60.0 Hz; Welch detrend=linear.
SC4031E0-PSG.edf,85.0,20.0,41.999,37.098,6270.0,2646.65,1152.0,1632.0,42.211,18.373,26.029,10,284,194,257,28.4,19.4,25.7,ph85_to20,Pz-Oz,Theta computed from EEG Pz-Oz; labels from EOG.,Bandpass 0.1–60.0 Hz; Welch detrend=linear.
SC4032E0-PSG.edf,85.0,20.0,47.136,39.683,5970.0,2343.26,1124.0,1736.0,39.251,18.827,29.079,12,271,187,248,22.583,15.583,20.667,ph85_to20,Pz-Oz,Theta computed from EEG Pz-Oz; labels from EOG.,Bandpass 0.1–60.0 Hz; Welch detrend=linear.
SC4041E0-PSG.edf,85.0,20.0,44.998,28.163,5880.0,2072.14,1164.0,2036.0,35.24,19.796,34.626,24,217,157,272,9.042,6.542,11.333,ph85_to20,Pz-Oz,Theta computed from EEG Pz-Oz; labels from EOG.,Bandpass 0.1–60.0 Hz; Welch detrend=linear.
SC4042E0-PSG.edf,85.0,20.0,43.962,25.031,8100.0,2737.75,1600.0,3040.0,33.799,19.753,37.531,33,268,187,342,8.121,5.667,10.364,ph85_to20,Pz-Oz,Theta computed from EEG Pz-Oz; labels from EOG.,Bandpass 0.1–60.0 Hz; Welch detrend=linear.
SC4051E0-PSG.edf,85.0,20.0,24.82,20.199,2040.0,693.96,400.0,688.0,34.018,19.608,33.725,3,91,58,99,30.333,19.333,33.0,ph85_to20,Pz-Oz,Theta computed from EEG Pz-Oz; labels from EOG.,Bandpass 0.1–60.0 Hz; Welch detrend=linear.
SC4052E0-PSG.edf,85.0,20.0,42.249,37.725,5400.0,2162.19,988.0,1464.0,40.041,18.296,27.111,12,271,166,236,22.583,13.833,19.667,ph85_to20,Pz-Oz,Theta computed from EEG Pz-Oz; labels from EOG.,Bandpass 0.1–60.0 Hz; Welch detrend=linear.
SC4061E0-PSG.edf,85.0,20.0,40.004,38.554,3060.0,1373.99,584.0,640.0,44.902,19.085,20.915,4,161,97,121,40.25,24.25,30.25,ph85_to20,Pz-Oz,Theta computed from EEG Pz-Oz; labels from EOG.,Bandpass 0.1–60.0 Hz; Welch detrend=linear.
SC4062E0-PSG.edf,85.0,20.0,39.889,22.743,5610.0,1463.17,1112.0,2464.0,26.081,19.822,43.922,6,211,135,253,35.167,22.5,42.167,ph85_to20,Pz-Oz,Theta computed from EEG Pz-Oz; labels from EOG.,Bandpass 0.1–60.0 Hz; Welch detrend=linear.
SC4071E0-PSG.edf,85.0,20.0,31.763,25.212,5940.0,2465.17,1144.0,1700.0,41.501,19.259,28.62,11,222,162,245,20.182,14.727,22.273,ph85_to20,Pz-Oz,Theta computed from EEG Pz-Oz; labels from EOG.,Bandpass 0.1–60.0 Hz; Welch detrend=linear.
SC4072E0-PSG.edf,85.0,20.0,41.617,41.61,5040.0,2753.4,908.0,652.0,54.631,18.016,12.937,31,236,149,134,7.613,4.806,4.323,ph85_to20,Pz-Oz,Theta computed from EEG Pz-Oz; labels from EOG.,Bandpass 0.1–60.0 Hz; Welch detrend=linear.
SC4081E0-PSG.edf,85.0,20.0,71.331,32.193,3930.0,1072.99,788.0,1684.0,27.303,20.051,42.85,4,140,92,178,35.0,23.0,44.5,ph85_to20,Pz-Oz,Theta computed from EEG Pz-Oz; labels from EOG.,Bandpass 0.1–60.0 Hz; Welch detrend=linear.
SC4082E0-PSG.edf,85.0,20.0,70.098,33.418,7800.0,2123.27,1536.0,3300.0,27.221,19.692,42.308,8,306,172,347,38.25,21.5,43.375,ph85_to20,Pz-Oz,Theta computed from EEG Pz-Oz; labels from EOG.,Bandpass 0.1–60.0 Hz; Welch detrend=linear.
SC4091E0-PSG.edf,85.0,20.0,28.328,23.173,6960.0,2853.84,1300.0,1976.0,41.003,18.678,28.391,17,299,192,288,17.588,11.294,16.941,ph85_to20,Pz-Oz,Theta computed from EEG Pz-Oz; labels from EOG.,Bandpass 0.1–60.0 Hz; Welch detrend=linear.
SC4092E0-PSG.edf,85.0,20.0,31.996,34.334,7950.0,4916.85,1092.0,828.0,61.847,13.736,10.415,12,413,195,182,34.417,16.25,15.167,ph85_to20,Pz-Oz,Theta computed from EEG Pz-Oz; labels from EOG.,Bandpass 0.1–60.0 Hz; Welch detrend=linear.
SC4101E0-PSG.edf,85.0,20.0,52.485,33.989,6210.0,2291.36,1188.0,2032.0,36.898,19.13,32.721,4,246,131,241,61.5,32.75,60.25,ph85_to20,Pz-Oz,Theta computed from EEG Pz-Oz; labels from EOG.,Bandpass 0.1–60.0 Hz; Welch detrend=linear.
SC4102E0-PSG.edf,85.0,20.0,61.207,35.207,5970.0,2277.11,1184.0,1908.0,38.143,19.832,31.96,3,211,124,223,70.333,41.333,74.333,ph85_to20,Pz-Oz,Theta computed from EEG Pz-Oz; labels from EOG.,Bandpass 0.1–60.0 Hz; Welch detrend=linear.
SC4111E0-PSG.edf,85.0,20.0,40.898,24.33,4740.0,1588.61,936.0,1704.0,33.515,19.747,35.949,6,188,113,213,31.333,18.833,35.5,ph85_to20,Pz-Oz,Theta computed from EEG Pz-Oz; labels from EOG.,Bandpass 0.1–60.0 Hz; Welch detrend=linear.
SC4112E0-PSG.edf,85.0,20.0,29.737,36.478,4530.0,3446.38,288.0,276.0,76.079,6.358,6.093,7,205,56,64,29.286,8.0,9.143,ph85_to20,Pz-Oz,Theta computed from EEG Pz-Oz; labels from EOG.,Bandpass 0.1–60.0 Hz; Welch detrend=linear.
SC4121E0-PSG.edf,85.0,20.0,23.501,19.555,7740.0,3097.86,1476.0,2216.0,40.024,19.07,28.63,8,321,229,316,40.125,28.625,39.5,ph85_to20,Pz-Oz,Theta computed from EEG Pz-Oz; labels from EOG.,Bandpass 0.1–60.0 Hz; Welch detrend=linear.
SC4001E0-PSG.edf,90.0,10.0,53.57,23.649,3750.0,925.47,376.0,2108.0,24.679,10.027,56.213,6,125,68,154,20.833,11.333,25.667,ph90_to10,Pz-Oz,Theta computed from EEG Pz-Oz; labels from EOG.,Bandpass 0.1–60.0 Hz; Welch detrend=linear.
SC4002E0-PSG.edf,90.0,10.0,39.564,33.918,6450.0,3174.74,572.0,1888.0,49.221,8.868,29.271,12,321,119,257,26.75,9.917,21.417,ph90_to10,Pz-Oz,Theta computed from EEG Pz-Oz; labels from EOG.,Bandpass 0.1–60.0 Hz; Welch detrend=linear.
SC4011E0-PSG.edf,90.0,10.0,65.399,21.205,5100.0,961.56,512.0,3224.0,18.854,10.039,63.216,8,157,80,201,19.625,10.0,25.125,ph90_to10,Pz-Oz,Theta computed from EEG Pz-Oz; labels from EOG.,Bandpass 0.1–60.0 Hz; Welch detrend=linear.
SC4012E0-PSG.edf,90.0,10.0,102.789,30.122,5280.0,1012.35,528.0,3328.0,19.173,10.0,63.03,18,162,75,204,9.0,4.167,11.333,ph90_to10,Pz-Oz,Theta computed from EEG Pz-Oz; labels from EOG.,Bandpass 0.1–60.0 Hz; Welch detrend=linear.
SC4021E0-PSG.edf,90.0,10.0,60.631,20.717,4890.0,925.28,484.0,3100.0,18.922,9.898,63.395,15,145,77,204,9.667,5.133,13.6,ph90_to10,Pz-Oz,Theta computed from EEG Pz-Oz; labels from EOG.,Bandpass 0.1–60.0 Hz; Welch detrend=linear.
SC4022E0-PSG.edf,90.0,10.0,90.385,30.241,5370.0,977.34,536.0,3460.0,18.2,9.981,64.432,11,148,89,211,13.455,8.091,19.182,ph90_to10,Pz-Oz,Theta computed from EEG Pz-Oz; labels from EOG.,Bandpass 0.1–60.0 Hz; Welch detrend=linear.
SC4031E0-PSG.edf,90.0,10.0,58.688,31.879,6270.0,1600.25,624.0,3568.0,25.522,9.952,56.906,10,175,126,251,17.5,12.6,25.1,ph90_to10,Pz-Oz,Theta computed from EEG Pz-Oz; labels from EOG.,Bandpass 0.1–60.0 Hz; Welch detrend=linear.
SC4032E0-PSG.edf,90.0,10.0,64.469,34.504,5970.0,1433.28,584.0,3388.0,24.008,9.782,56.75,12,206,114,253,17.167,9.5,21.083,ph90_to10,Pz-Oz,Theta computed from EEG Pz-Oz; labels from EOG.,Bandpass 0.1–60.0 Hz; Welch detrend=linear.
SC4041E0-PSG.edf,90.0,10.0,60.957,24.305,5880.0,1507.66,584.0,3288.0,25.64,9.932,55.918,24,194,110,252,8.083,4.583,10.5,ph90_to10,Pz-Oz,Theta computed from EEG Pz-Oz; labels from EOG.,Bandpass 0.1–60.0 Hz; Welch detrend=linear.
SC4042E0-PSG.edf,90.0,10.0,60.782,21.581,8100.0,1951.3,808.0,4708.0,24.09,9.975,58.123,33,249,141,334,7.545,4.273,10.121,ph90_to10,Pz-Oz,Theta computed from EEG Pz-Oz; labels from EOG.,Bandpass 0.1–60.0 Hz; Welch detrend=linear.
SC4051E0-PSG.edf,90.0,10.0,34.051,18.167,2040.0,441.29,200.0,1224.0,21.632,9.804,60.0,3,71,36,94,23.667,12.0,31.333,ph90_to10,Pz-Oz,Theta computed from EEG Pz-Oz; labels from EOG.,Bandpass 0.1–60.0 Hz; Welch detrend=linear.
SC4052E0-PSG.edf,90.0,10.0,58.172,33.052,5400.0,1281.89,532.0,3024.0,23.739,9.852,56.0,12,190,106,248,15.833,8.833,20.667,ph90_to10,Pz-Oz,Theta computed from EEG Pz-Oz; labels from EOG.,Bandpass 0.1–60.0 Hz; Welch detrend=linear.
SC4061E0-PSG.edf,90.0,10.0,56.592,33.726,3060.0,690.01,304.0,1804.0,22.549,9.935,58.954,4,101,58,136,25.25,14.5,34.0,ph90_to10,Pz-Oz,Theta computed from EEG Pz-Oz; labels from EOG.,Bandpass 0.1–60.0 Hz; Welch detrend=linear.
SC4062E0-PSG.edf,90.0,10.0,55.171,19.14,5610.0,939.85,560.0,3712.0,16.753,9.982,66.168,6,156,90,213,26.0,15.0,35.5,ph90_to10,Pz-Oz,Theta computed from EEG Pz-Oz; labels from EOG.,Bandpass 0.1–60.0 Hz; Welch detrend=linear.
SC4071E0-PSG.edf,90.0,10.0,44.494,22.546,5940.0,1610.15,596.0,3208.0,27.107,10.034,54.007,11,189,115,245,17.182,10.455,22.273,ph90_to10,Pz-Oz,Theta computed from EEG Pz-Oz; labels from EOG.,Bandpass 0.1–60.0 Hz; Welch detrend=linear.
SC4072E0-PSG.edf,90.0,10.0,57.803,35.579,5040.0,1493.34,504.0,2548.0,29.63,10.0,50.556,31,172,102,223,5.548,3.29,7.194,ph90_to10,Pz-Oz,Theta computed from EEG Pz-Oz; labels from EOG.,Bandpass 0.1–60.0 Hz; Welch detrend=linear.
SC4081E0-PSG.edf,90.0,10.0,93.457,25.228,3930.0,857.83,392.0,2380.0,21.828,9.975,60.56,4,116,60,157,29.0,15.0,39.25,ph90_to10,Pz-Oz,Theta computed from EEG Pz-Oz; labels from EOG.,Bandpass 0.1–60.0 Hz; Welch detrend=linear.
SC4082E0-PSG.edf,90.0,10.0,91.028,24.296,7800.0,1724.89,780.0,4636.0,22.114,10.0,59.436,8,256,112,302,32.0,14.0,37.75,ph90_to10,Pz-Oz,Theta computed from EEG Pz-Oz; labels from EOG.,Bandpass 0.1–60.0 Hz; Welch detrend=linear.
SC4091E0-PSG.edf,90.0,10.0,38.549,20.516,6960.0,1728.61,684.0,3968.0,24.836,9.828,57.011,17,218,120,280,12.824,7.059,16.471,ph90_to10,Pz-Oz,Theta computed from EEG Pz-Oz; labels from EOG.,Bandpass 0.1–60.0 Hz; Welch detrend=linear.
SC4092E0-PSG.edf,90.0,10.0,44.278,29.422,7950.0,2472.93,780.0,3984.0,31.106,9.811,50.113,12,258,159,300,21.5,13.25,25.0,ph90_to10,Pz-Oz,Theta computed from EEG Pz-Oz; labels from EOG.,Bandpass 0.1–60.0 Hz; Welch detrend=linear.
SC4101E0-PSG.edf,90.0,10.0,69.201,27.304,6210.0,1654.47,620.0,3464.0,26.642,9.984,55.781,4,193,95,229,48.25,23.75,57.25,ph90_to10,Pz-Oz,Theta computed from EEG Pz-Oz; labels from EOG.,Bandpass 0.1–60.0 Hz; Welch detrend=linear.
SC4102E0-PSG.edf,90.0,10.0,80.207,28.061,5970.0,1676.58,600.0,3188.0,28.083,10.05,53.4,3,202,86,238,67.333,28.667,79.333,ph90_to10,Pz-Oz,Theta computed from EEG Pz-Oz; labels from EOG.,Bandpass 0.1–60.0 Hz; Welch detrend=linear.
SC4111E0-PSG.edf,90.0,10.0,55.388,20.286,4740.0,1196.73,476.0,2656.0,25.247,10.042,56.034,6,150,79,188,25.0,13.167,31.333,ph90_to10,Pz-Oz,Theta computed from EEG Pz-Oz; labels from EOG.,Bandpass 0.1–60.0 Hz; Welch detrend=linear.
SC4112E0-PSG.edf,90.0,10.0,39.534,31.816,4530.0,1976.36,420.0,1556.0,43.628,9.272,34.349,7,212,88,184,30.286,12.571,26.286,ph90_to10,Pz-Oz,Theta computed from EEG Pz-Oz; labels from EOG.,Bandpass 0.1–60.0 Hz; Welch detrend=linear.
SC4121E0-PSG.edf,90.0,10.0,32.906,17.601,7740.0,1806.21,772.0,4548.0,23.336,9.974,58.76,8,221,151,313,27.625,18.875,39.125,ph90_to10,Pz-Oz,Theta computed from EEG Pz-Oz; labels from EOG.,Bandpass 0.1–60.0 Hz; Welch detrend=linear.
SC4001E0-PSG.edf,90.0,15.0,53.57,25.567,3750.0,925.47,560.0,1916.0,24.679,14.933,51.093,6,125,90,170,20.833,15.0,28.333,ph90_to15,Pz-Oz,Theta computed from EEG Pz-Oz; labels from EOG.,Bandpass 0.1–60.0 Hz; Welch detrend=linear.
SC4002E0-PSG.edf,90.0,15.0,39.564,36.538,6450.0,3174.74,864.0,1536.0,49.221,13.395,23.814,12,321,175,245,26.75,14.583,20.417,ph90_to15,Pz-Oz,Theta computed from EEG Pz-Oz; labels from EOG.,Bandpass 0.1–60.0 Hz; Welch detrend=linear.
SC4011E0-PSG.edf,90.0,15.0,65.399,23.063,5100.0,961.56,764.0,2956.0,18.854,14.98,57.961,8,157,99,216,19.625,12.375,27.0,ph90_to15,Pz-Oz,Theta computed from EEG Pz-Oz; labels from EOG.,Bandpass 0.1–60.0 Hz; Welch detrend=linear.
SC4012E0-PSG.edf,90.0,15.0,102.789,34.23,5280.0,1012.35,792.0,3060.0,19.173,15.0,57.955,18,162,98,222,9.0,5.444,12.333,ph90_to15,Pz-Oz,Theta computed from EEG Pz-Oz; labels from EOG.,Bandpass 0.1–60.0 Hz; Welch detrend=linear.
SC4021E0-PSG.edf,90.0,15.0,60.631,22.898,4890.0,925.28,728.0,2848.0,18.922,14.888,58.241,15,145,95,218,9.667,6.333,14.533,ph90_to15,Pz-Oz,Theta computed from EEG Pz-Oz; labels from EOG.,Bandpass 0.1–60.0 Hz; Welch detrend=linear.
SC4022E0-PSG.edf,90.0,15.0,90.385,33.421,5370.0,977.34,804.0,3180.0,18.2,14.972,59.218,11,148,123,233,13.455,11.182,21.182,ph90_to15,Pz-Oz,Theta computed from EEG Pz-Oz; labels from EOG.,Bandpass 0.1–60.0 Hz; Welch detrend=linear.
SC4031E0-PSG.edf,90.0,15.0,58.688,34.849,6270.0,1600.25,916.0,3244.0,25.522,14.609,51.738,10,175,168,280,17.5,16.8,28.0,ph90_to15,Pz-Oz,Theta computed from EEG Pz-Oz; labels from EOG.,Bandpass 0.1–60.0 Hz; Welch detrend=linear.
SC4032E0-PSG.edf,90.0,15.0,64.469,37.009,5970.0,1433.28,884.0,3068.0,24.008,14.807,51.39,12,206,162,286,17.167,13.5,23.833,ph90_to15,Pz-Oz,Theta computed from EEG Pz-Oz; labels from EOG.,Bandpass 0.1–60.0 Hz; Welch detrend=linear.
SC4041E0-PSG.edf,90.0,15.0,60.957,26.26,5880.0,1507.66,876.0,2996.0,25.64,14.898,50.952,24,194,132,265,8.083,5.5,11.042,ph90_to15,Pz-Oz,Theta computed from EEG Pz-Oz; labels from EOG.,Bandpass 0.1–60.0 Hz; Welch detrend=linear.
SC4042E0-PSG.edf,90.0,15.0,60.782,23.314,8100.0,1951.3,1212.0,4292.0,24.09,14.963,52.988,33,249,170,359,7.545,5.152,10.879,ph90_to15,Pz-Oz,Theta computed from EEG Pz-Oz; labels from EOG.,Bandpass 0.1–60.0 Hz; Welch detrend=linear.
SC4051E0-PSG.edf,90.0,15.0,34.051,19.008,2040.0,441.29,300.0,1104.0,21.632,14.706,54.118,3,71,47,102,23.667,15.667,34.0,ph90_to15,Pz-Oz,Theta computed from EEG Pz-Oz; labels from EOG.,Bandpass 0.1–60.0 Hz; Welch detrend=linear.
SC4052E0-PSG.edf,90.0,15.0,58.172,35.575,5400.0,1281.89,784.0,2756.0,23.739,14.519,51.037,12,190,144,267,15.833,12.0,22.25,ph90_to15,Pz-Oz,Theta computed from EEG Pz-Oz; labels from EOG.,Bandpass 0.1–60.0 Hz; Welch detrend=linear.
SC4061E0-PSG.edf,90.0,15.0,56.592,36.745,3060.0,690.01,452.0,1644.0,22.549,14.771,53.725,4,101,81,151,25.25,20.25,37.75,ph90_to15,Pz-Oz,Theta computed from EEG Pz-Oz; labels from EOG.,Bandpass 0.1–60.0 Hz; Welch detrend=linear.
SC4062E0-PSG.edf,90.0,15.0,55.171,20.877,5610.0,939.85,840.0,3416.0,16.753,14.973,60.891,6,156,112,227,26.0,18.667,37.833,ph90_to15,Pz-Oz,Theta computed from EEG Pz-Oz; labels from EOG.,Bandpass 0.1–60.0 Hz; Welch detrend=linear.
SC4071E0-PSG.edf,90.0,15.0,44.494,23.964,5940.0,1610.15,888.0,2912.0,27.107,14.949,49.024,11,189,140,261,17.182,12.727,23.727,ph90_to15,Pz-Oz,Theta computed from EEG Pz-Oz; labels from EOG.,Bandpass 0.1–60.0 Hz; Welch detrend=linear.
SC4072E0-PSG.edf,90.0,15.0,57.803,39.231,5040.0,1493.34,748.0,2288.0,29.63,14.841,45.397,31,172,131,240,5.548,4.226,7.742,ph90_to15,Pz-Oz,Theta computed from EEG Pz-Oz; labels from EOG.,Bandpass 0.1–60.0 Hz; Welch detrend=linear.
SC4081E0-PSG.edf,90.0,15.0,93.457,28.668,3930.0,857.83,588.0,2176.0,21.828,14.962,55.369,4,116,79,171,29.0,19.75,42.75,ph90_to15,Pz-Oz,Theta computed from EEG Pz-Oz; labels from EOG.,Bandpass 0.1–60.0 Hz; Welch detrend=linear.
SC4082E0-PSG.edf,90.0,15.0,91.028,28.695,7800.0,1724.89,1164.0,4212.0,22.114,14.923,54.0,8,256,149,323,32.0,18.625,40.375,ph90_to15,Pz-Oz,Theta computed from EEG Pz-Oz; labels from EOG.,Bandpass 0.1–60.0 Hz; Welch detrend=linear.
SC4091E0-PSG.edf,90.0,15.0,38.549,21.993,6960.0,1728.61,1024.0,3596.0,24.836,14.713,51.667,17,218,169,301,12.824,9.941,17.706,ph90_to15,Pz-Oz,Theta computed from EEG Pz-Oz; labels from EOG.,Bandpass 0.1–60.0 Hz; Welch detrend=linear.
SC4092E0-PSG.edf,90.0,15.0,44.278,32.143,7950.0,2472.93,1144.0,3588.0,31.106,14.39,45.132,12,258,222,341,21.5,18.5,28.417,ph90_to15,Pz-Oz,Theta computed from EEG Pz-Oz; labels from EOG.,Bandpass 0.1–60.0 Hz; Welch detrend=linear.
SC4101E0-PSG.edf,90.0,15.0,69.201,30.896,6210.0,1654.47,924.0,3132.0,26.642,14.879,50.435,4,193,114,239,48.25,28.5,59.75,ph90_to15,Pz-Oz,Theta computed from EEG Pz-Oz; labels from EOG.,Bandpass 0.1–60.0 Hz; Welch detrend=linear.
SC4102E0-PSG.edf,90.0,15.0,80.207,31.301,5970.0,1676.58,892.0,2872.0,28.083,14.941,48.107,3,202,105,244,67.333,35.0,81.333,ph90_to15,Pz-Oz,Theta computed from EEG Pz-Oz; labels from EOG.,Bandpass 0.1–60.0 Hz; Welch detrend=linear.
SC4111E0-PSG.edf,90.0,15.0,55.388,22.203,4740.0,1196.73,712.0,2392.0,25.247,15.021,50.464,6,150,101,192,25.0,16.833,32.0,ph90_to15,Pz-Oz,Theta computed from EEG Pz-Oz; labels from EOG.,Bandpass 0.1–60.0 Hz; Welch detrend=linear.
SC4112E0-PSG.edf,90.0,15.0,39.534,34.471,4530.0,1976.36,624.0,1320.0,43.628,13.775,29.139,7,212,121,180,30.286,17.286,25.714,ph90_to15,Pz-Oz,Theta computed from EEG Pz-Oz; labels from EOG.,Bandpass 0.1–60.0 Hz; Welch detrend=linear.
SC4121E0-PSG.edf,90.0,15.0,32.906,18.63,7740.0,1806.21,1148.0,4144.0,23.336,14.832,53.54,8,221,200,345,27.625,25.0,43.125,ph90_to15,Pz-Oz,Theta computed from EEG Pz-Oz; labels from EOG.,Bandpass 0.1–60.0 Hz; Welch detrend=linear.
SC4001E0-PSG.edf,90.0,20.0,53.57,27.147,3750.0,925.47,744.0,1728.0,24.679,19.84,46.08,6,125,103,175,20.833,17.167,29.167,ph90_to20,Pz-Oz,Theta computed from EEG Pz-Oz; labels from EOG.,Bandpass 0.1–60.0 Hz; Welch detrend=linear.
SC4002E0-PSG.edf,90.0,20.0,39.564,38.851,6450.0,3174.74,1132.0,1220.0,49.221,17.55,18.915,12,321,208,225,26.75,17.333,18.75,ph90_to20,Pz-Oz,Theta computed from EEG Pz-Oz; labels from EOG.,Bandpass 0.1–60.0 Hz; Welch detrend=linear.
SC4011E0-PSG.edf,90.0,20.0,65.399,25.484,5100.0,961.56,1016.0,2692.0,18.854,19.922,52.784,8,157,111,218,19.625,13.875,27.25,ph90_to20,Pz-Oz,Theta computed from EEG Pz-Oz; labels from EOG.,Bandpass 0.1–60.0 Hz; Welch detrend=linear.
SC4012E0-PSG.edf,90.0,20.0,102.789,39.758,5280.0,1012.35,1056.0,2780.0,19.173,20.0,52.652,18,162,112,229,9.0,6.222,12.722,ph90_to20,Pz-Oz,Theta computed from EEG Pz-Oz; labels from EOG.,Bandpass 0.1–60.0 Hz; Welch detrend=linear.
SC4021E0-PSG.edf,90.0,20.0,60.631,24.598,4890.0,925.28,972.0,2592.0,18.922,19.877,53.006,15,145,106,222,9.667,7.067,14.8,ph90_to20,Pz-Oz,Theta computed from EEG Pz-Oz; labels from EOG.,Bandpass 0.1–60.0 Hz; Welch detrend=linear.
SC4022E0-PSG.edf,90.0,20.0,90.385,36.386,5370.0,977.34,1072.0,2904.0,18.2,19.963,54.078,11,148,146,249,13.455,13.273,22.636,ph90_to20,Pz-Oz,Theta computed from EEG Pz-Oz; labels from EOG.,Bandpass 0.1–60.0 Hz; Welch detrend=linear.
SC4031E0-PSG.edf,90.0,20.0,58.688,37.098,6270.0,1600.25,1220.0,2916.0,25.522,19.458,46.507,10,175,206,304,17.5,20.6,30.4,ph90_to20,Pz-Oz,Theta computed from EEG Pz-Oz; labels from EOG.,Bandpass 0.1–60.0 Hz; Welch detrend=linear.
SC4032E0-PSG.edf,90.0,20.0,64.469,39.683,5970.0,1433.28,1168.0,2768.0,24.008,19.564,46.365,12,206,192,299,17.167,16.0,24.917,ph90_to20,Pz-Oz,Theta computed from EEG Pz-Oz; labels from EOG.,Bandpass 0.1–60.0 Hz; Welch detrend=linear.
SC4041E0-PSG.edf,90.0,20.0,60.957,28.163,5880.0,1507.66,1168.0,2684.0,25.64,19.864,45.646,24,194,159,284,8.083,6.625,11.833,ph90_to20,Pz-Oz,Theta computed from EEG Pz-Oz; labels from EOG.,Bandpass 0.1–60.0 Hz; Welch detrend=linear.
SC4042E0-PSG.edf,90.0,20.0,60.782,25.031,8100.0,1951.3,1616.0,3868.0,24.09,19.951,47.753,33,249,191,366,7.545,5.788,11.091,ph90_to20,Pz-Oz,Theta computed from EEG Pz-Oz; labels from EOG.,Bandpass 0.1–60.0 Hz; Welch detrend=linear.
SC4051E0-PSG.edf,90.0,20.0,34.051,20.199,2040.0,441.29,400.0,992.0,21.632,19.608,48.627,3,71,57,107,23.667,19.0,35.667,ph90_to20,Pz-Oz,Theta computed from EEG Pz-Oz; labels from EOG.,Bandpass 0.1–60.0 Hz; Welch detrend=linear.
SC4052E0-PSG.edf,90.0,20.0,58.172,37.725,5400.0,1281.89,1044.0,2480.0,23.739,19.333,45.926,12,190,176,280,15.833,14.667,23.333,ph90_to20,Pz-Oz,Theta computed from EEG Pz-Oz; labels from EOG.,Bandpass 0.1–60.0 Hz; Welch detrend=linear.
SC4061E0-PSG.edf,90.0,20.0,56.592,38.554,3060.0,690.01,604.0,1484.0,22.549,19.739,48.497,4,101,99,160,25.25,24.75,40.0,ph90_to20,Pz-Oz,Theta computed from EEG Pz-Oz; labels from EOG.,Bandpass 0.1–60.0 Hz; Welch detrend=linear.
SC4062E0-PSG.edf,90.0,20.0,55.171,22.743,5610.0,939.85,1120.0,3124.0,16.753,19.964,55.686,6,156,136,241,26.0,22.667,40.167,ph90_to20,Pz-Oz,Theta computed from EEG Pz-Oz; labels from EOG.,Bandpass 0.1–60.0 Hz; Welch detrend=linear.
SC4071E0-PSG.edf,90.0,20.0,44.494,25.212,5940.0,1610.15,1180.0,2604.0,27.107,19.865,43.838,11,189,166,274,17.182,15.091,24.909,ph90_to20,Pz-Oz,Theta computed from EEG Pz-Oz; labels from EOG.,Bandpass 0.1–60.0 Hz; Welch detrend=linear.
SC4072E0-PSG.edf,90.0,20.0,57.803,41.61,5040.0,1493.34,1000.0,2008.0,29.63,19.841,39.841,31,172,163,241,5.548,5.258,7.774,ph90_to20,Pz-Oz,Theta computed from EEG Pz-Oz; labels from EOG.,Bandpass 0.1–60.0 Hz; Welch detrend=linear.
SC4081E0-PSG.edf,90.0,20.0,93.457,32.193,3930.0,857.83,784.0,1972.0,21.828,19.949,50.178,4,116,91,177,29.0,22.75,44.25,ph90_to20,Pz-Oz,Theta computed from EEG Pz-Oz; labels from EOG.,Bandpass 0.1–60.0 Hz; Welch detrend=linear.
SC4082E0-PSG.edf,90.0,20.0,91.028,33.418,7800.0,1724.89,1552.0,3800.0,22.114,19.897,48.718,8,256,177,330,32.0,22.125,41.25,ph90_to20,Pz-Oz,Theta computed from EEG Pz-Oz; labels from EOG.,Bandpass 0.1–60.0 Hz; Welch detrend=linear.
SC4091E0-PSG.edf,90.0,20.0,38.549,23.173,6960.0,1728.61,1364.0,3228.0,24.836,19.598,46.379,17,218,204,314,12.824,12.0,18.471,ph90_to20,Pz-Oz,Theta computed from EEG Pz-Oz; labels from EOG.,Bandpass 0.1–60.0 Hz; Welch detrend=linear.
SC4092E0-PSG.edf,90.0,20.0,44.278,34.334,7950.0,2472.93,1528.0,3168.0,31.106,19.22,39.849,12,258,259,356,21.5,21.583,29.667,ph90_to20,Pz-Oz,Theta computed from EEG Pz-Oz; labels from EOG.,Bandpass 0.1–60.0 Hz; Welch detrend=linear.
SC4101E0-PSG.edf,90.0,20.0,69.201,33.989,6210.0,1654.47,1232.0,2788.0,26.642,19.839,44.895,4,193,138,248,48.25,34.5,62.0,ph90_to20,Pz-Oz,Theta computed from EEG Pz-Oz; labels from EOG.,Bandpass 0.1–60.0 Hz; Welch detrend=linear.
SC4102E0-PSG.edf,90.0,20.0,80.207,35.207,5970.0,1676.58,1188.0,2556.0,28.083,19.899,42.814,3,202,125,246,67.333,41.667,82.0,ph90_to20,Pz-Oz,Theta computed from EEG Pz-Oz; labels from EOG.,Bandpass 0.1–60.0 Hz; Welch detrend=linear.
SC4111E0-PSG.edf,90.0,20.0,55.388,24.33,4740.0,1196.73,948.0,2128.0,25.247,20.0,44.895,6,150,116,193,25.0,19.333,32.167,ph90_to20,Pz-Oz,Theta computed from EEG Pz-Oz; labels from EOG.,Bandpass 0.1–60.0 Hz; Welch detrend=linear.
SC4112E0-PSG.edf,90.0,20.0,39.534,36.478,4530.0,1976.36,824.0,1108.0,43.628,18.19,24.459,7,212,146,177,30.286,20.857,25.286,ph90_to20,Pz-Oz,Theta computed from EEG Pz-Oz; labels from EOG.,Bandpass 0.1–60.0 Hz; Welch detrend=linear.
SC4121E0-PSG.edf,90.0,20.0,32.906,19.555,7740.0,1806.21,1532.0,3736.0,23.336,19.793,48.269,8,221,237,364,27.625,29.625,45.5,ph90_to20,Pz-Oz,Theta computed from EEG Pz-Oz; labels from EOG.,Bandpass 0.1–60.0 Hz; Welch detrend=linear.
SC4001E0-PSG.edf,95.0,10.0,81.283,23.649,3750.0,509.81,376.0,2668.0,13.595,10.027,71.147,6,76,68,134,12.667,11.333,22.333,ph95_to10,Pz-Oz,Theta computed from EEG Pz-Oz; labels from EOG.,Bandpass 0.1–60.0 Hz; Welch detrend=linear.
SC4002E0-PSG.edf,95.0,10.0,63.008,33.918,6450.0,1059.1,636.0,4368.0,16.42,9.86,67.721,12,141,132,243,11.75,11.0,20.25,ph95_to10,Pz-Oz,Theta computed from EEG Pz-Oz; labels from EOG.,Bandpass 0.1–60.0 Hz; Welch detrend=linear.
SC4011E0-PSG.edf,95.0,10.0,99.135,21.205,5100.0,613.91,512.0,3680.0,12.037,10.039,72.157,8,100,80,167,12.5,10.0,20.875,ph95_to10,Pz-Oz,Theta computed from EEG Pz-Oz; labels from EOG.,Bandpass 0.1–60.0 Hz; Welch detrend=linear.
SC4012E0-PSG.edf,95.0,10.0,147.517,30.122,5280.0,707.0,528.0,3712.0,13.39,10.0,70.303,18,118,75,178,6.556,4.167,9.889,ph95_to10,Pz-Oz,Theta computed from EEG Pz-Oz; labels from EOG.,Bandpass 0.1–60.0 Hz; Welch detrend=linear.
SC4021E0-PSG.edf,95.0,10.0,91.941,20.717,4890.0,566.98,488.0,3520.0,11.595,9.98,71.984,15,102,78,170,6.8,5.2,11.333,ph95_to10,Pz-Oz,Theta computed from EEG Pz-Oz; labels from EOG.,Bandpass 0.1–60.0 Hz; Welch detrend=linear.
SC4022E0-PSG.edf,95.0,10.0,136.769,30.241,5370.0,605.63,536.0,3952.0,11.278,9.981,73.594,11,107,89,189,9.727,8.091,17.182,ph95_to10,Pz-Oz,Theta computed from EEG Pz-Oz; labels from EOG.,Bandpass 0.1–60.0 Hz; Welch detrend=linear.
SC4031E0-PSG.edf,95.0,10.0,93.154,31.879,6270.0,913.69,628.0,4348.0,14.572,10.016,69.346,10,138,127,233,13.8,12.7,23.3,ph95_to10,Pz-Oz,Theta computed from EEG Pz-Oz; labels from EOG.,Bandpass 0.1–60.0 Hz; Welch detrend=linear.
SC4032E0-PSG.edf,95.0,10.0,103.956,34.504,5970.0,760.08,596.0,4264.0,12.732,9.983,71.424,12,121,117,226,10.083,9.75,18.833,ph95_to10,Pz-Oz,Theta computed from EEG Pz-Oz; labels from EOG.,Bandpass 0.1–60.0 Hz; Welch detrend=linear.
SC4041E0-PSG.edf,95.0,10.0,93.152,24.305,5880.0,963.5,588.0,4016.0,16.386,10.0,68.299,24,132,110,231,5.5,4.583,9.625,ph95_to10,Pz-Oz,Theta computed from EEG Pz-Oz; labels from EOG.,Bandpass 0.1–60.0 Hz; Welch detrend=linear.
SC4042E0-PSG.edf,95.0,10.0,94.959,21.581,8100.0,1222.6,808.0,5600.0,15.094,9.975,69.136,33,184,141,315,5.576,4.273,9.545,ph95_to10,Pz-Oz,Theta computed from EEG Pz-Oz; labels from EOG.,Bandpass 0.1–60.0 Hz; Welch detrend=linear.
SC4051E0-PSG.edf,95.0,10.0,54.067,18.167,2040.0,202.81,204.0,1516.0,9.942,10.0,74.314,3,43,37,79,14.333,12.333,26.333,ph95_to10,Pz-Oz,Theta computed from EEG Pz-Oz; labels from EOG.,Bandpass 0.1–60.0 Hz; Welch detrend=linear.
SC4052E0-PSG.edf,95.0,10.0,88.501,33.052,5400.0,624.72,540.0,3904.0,11.569,10.0,72.296,12,117,107,211,9.75,8.917,17.583,ph95_to10,Pz-Oz,Theta computed from EEG Pz-Oz; labels from EOG.,Bandpass 0.1–60.0 Hz; Welch detrend=linear.
SC4061E0-PSG.edf,95.0,10.0,95.872,33.726,3060.0,347.14,308.0,2232.0,11.344,10.065,72.941,4,61,59,108,15.25,14.75,27.0,ph95_to10,Pz-Oz,Theta computed from EEG Pz-Oz; labels from EOG.,Bandpass 0.1–60.0 Hz; Welch detrend=linear.
SC4062E0-PSG.edf,95.0,10.0,89.402,19.14,5610.0,610.91,564.0,4180.0,10.89,10.053,74.51,6,110,90,186,18.333,15.0,31.0,ph95_to10,Pz-Oz,Theta computed from EEG Pz-Oz; labels from EOG.,Bandpass 0.1–60.0 Hz; Welch detrend=linear.
SC4071E0-PSG.edf,95.0,10.0,69.866,22.546,5940.0,981.08,592.0,3916.0,16.516,9.966,65.926,11,149,114,235,13.545,10.364,21.364,ph95_to10,Pz-Oz,Theta computed from EEG Pz-Oz; labels from EOG.,Bandpass 0.1–60.0 Hz; Welch detrend=linear.
SC4072E0-PSG.edf,95.0,10.0,90.902,35.579,5040.0,841.52,500.0,3304.0,16.697,9.921,65.556,31,133,101,218,4.29,3.258,7.032,ph95_to10,Pz-Oz,Theta computed from EEG Pz-Oz; labels from EOG.,Bandpass 0.1–60.0 Hz; Welch detrend=linear.
SC4081E0-PSG.edf,95.0,10.0,133.085,25.228,3930.0,559.6,396.0,2752.0,14.239,10.076,70.025,4,96,61,149,24.0,15.25,37.25,ph95_to10,Pz-Oz,Theta computed from EEG Pz-Oz; labels from EOG.,Bandpass 0.1–60.0 Hz; Welch detrend=linear.
SC4082E0-PSG.edf,95.0,10.0,127.547,24.296,7800.0,1263.97,780.0,5212.0,16.205,10.0,66.821,8,202,112,279,25.25,14.0,34.875,ph95_to10,Pz-Oz,Theta computed from EEG Pz-Oz; labels from EOG.,Bandpass 0.1–60.0 Hz; Welch detrend=linear.
SC4091E0-PSG.edf,95.0,10.0,61.095,20.516,6960.0,911.78,696.0,4940.0,13.1,10.0,70.977,17,148,123,247,8.706,7.235,14.529,ph95_to10,Pz-Oz,Theta computed from EEG Pz-Oz; labels from EOG.,Bandpass 0.1–60.0 Hz; Welch detrend=linear.
SC4092E0-PSG.edf,95.0,10.0,69.626,29.422,7950.0,1190.86,792.0,5492.0,14.979,9.962,69.082,12,164,161,295,13.667,13.417,24.583,ph95_to10,Pz-Oz,Theta computed from EEG Pz-Oz; labels from EOG.,Bandpass 0.1–60.0 Hz; Welch detrend=linear.
SC4101E0-PSG.edf,95.0,10.0,102.023,27.304,6210.0,986.04,620.0,4216.0,15.878,9.984,67.89,4,157,95,207,39.25,23.75,51.75,ph95_to10,Pz-Oz,Theta computed from EEG Pz-Oz; labels from EOG.,Bandpass 0.1–60.0 Hz; Welch detrend=linear.
SC4102E0-PSG.edf,95.0,10.0,115.49,28.061,5970.0,981.21,600.0,4004.0,16.436,10.05,67.069,3,147,86,196,49.0,28.667,65.333,ph95_to10,Pz-Oz,Theta computed from EEG Pz-Oz; labels from EOG.,Bandpass 0.1–60.0 Hz; Welch detrend=linear.
SC4111E0-PSG.edf,95.0,10.0,84.144,20.286,4740.0,669.76,476.0,3292.0,14.13,10.042,69.451,6,108,79,163,18.0,13.167,27.167,ph95_to10,Pz-Oz,Theta computed from EEG Pz-Oz; labels from EOG.,Bandpass 0.1–60.0 Hz; Welch detrend=linear.
SC4112E0-PSG.edf,95.0,10.0,58.289,31.816,4530.0,885.75,444.0,2836.0,19.553,9.801,62.605,7,122,93,186,17.429,13.286,26.571,ph95_to10,Pz-Oz,Theta computed from EEG Pz-Oz; labels from EOG.,Bandpass 0.1–60.0 Hz; Welch detrend=linear.
SC4121E0-PSG.edf,95.0,10.0,55.398,17.601,7740.0,1043.26,776.0,5488.0,13.479,10.026,70.904,8,149,152,272,18.625,19.0,34.0,ph95_to10,Pz-Oz,Theta computed from EEG Pz-Oz; labels from EOG.,Bandpass 0.1–60.0 Hz; Welch detrend=linear.
SC4001E0-PSG.edf,95.0,15.0,81.283,25.567,3750.0,509.81,564.0,2472.0,13.595,15.04,65.92,6,76,91,154,12.667,15.167,25.667,ph95_to15,Pz-Oz,Theta computed from EEG Pz-Oz; labels from EOG.,Bandpass 0.1–60.0 Hz; Welch detrend=linear.
SC4002E0-PSG.edf,95.0,15.0,63.008,36.538,6450.0,1059.1,952.0,4032.0,16.42,14.76,62.512,12,141,191,290,11.75,15.917,24.167,ph95_to15,Pz-Oz,Theta computed from EEG Pz-Oz; labels from EOG.,Bandpass 0.1–60.0 Hz; Welch detrend=linear.
SC4011E0-PSG.edf,95.0,15.0,99.135,23.063,5100.0,613.91,764.0,3420.0,12.037,14.98,67.059,8,100,99,185,12.5,12.375,23.125,ph95_to15,Pz-Oz,Theta computed from EEG Pz-Oz; labels from EOG.,Bandpass 0.1–60.0 Hz; Welch detrend=linear.
SC4012E0-PSG.edf,95.0,15.0,147.517,34.23,5280.0,707.0,792.0,3444.0,13.39,15.0,65.227,18,118,98,196,6.556,5.444,10.889,ph95_to15,Pz-Oz,Theta computed from EEG Pz-Oz; labels from EOG.,Bandpass 0.1–60.0 Hz; Welch detrend=linear.
SC4021E0-PSG.edf,95.0,15.0,91.941,22.898,4890.0,566.98,732.0,3276.0,11.595,14.969,66.994,15,102,96,185,6.8,6.4,12.333,ph95_to15,Pz-Oz,Theta computed from EEG Pz-Oz; labels from EOG.,Bandpass 0.1–60.0 Hz; Welch detrend=linear.
SC4022E0-PSG.edf,95.0,15.0,136.769,33.421,5370.0,605.63,804.0,3676.0,11.278,14.972,68.454,11,107,123,216,9.727,11.182,19.636,ph95_to15,Pz-Oz,Theta computed from EEG Pz-Oz; labels from EOG.,Bandpass 0.1–60.0 Hz; Welch detrend=linear.
SC4031E0-PSG.edf,95.0,15.0,93.154,34.849,6270.0,913.69,928.0,4032.0,14.572,14.801,64.306,10,138,171,273,13.8,17.1,27.3,ph95_to15,Pz-Oz,Theta computed from EEG Pz-Oz; labels from EOG.,Bandpass 0.1–60.0 Hz; Welch detrend=linear.
SC4032E0-PSG.edf,95.0,15.0,103.956,37.009,5970.0,760.08,896.0,3964.0,12.732,15.008,66.399,12,121,165,266,10.083,13.75,22.167,ph95_to15,Pz-Oz,Theta computed from EEG Pz-Oz; labels from EOG.,Bandpass 0.1–60.0 Hz; Welch detrend=linear.
SC4041E0-PSG.edf,95.0,15.0,93.152,26.26,5880.0,963.5,880.0,3720.0,16.386,14.966,63.265,24,132,132,247,5.5,5.5,10.292,ph95_to15,Pz-Oz,Theta computed from EEG Pz-Oz; labels from EOG.,Bandpass 0.1–60.0 Hz; Welch detrend=linear.
SC4042E0-PSG.edf,95.0,15.0,94.959,23.314,8100.0,1222.6,1212.0,5176.0,15.094,14.963,63.901,33,184,170,340,5.576,5.152,10.303,ph95_to15,Pz-Oz,Theta computed from EEG Pz-Oz; labels from EOG.,Bandpass 0.1–60.0 Hz; Welch detrend=linear.
SC4051E0-PSG.edf,95.0,15.0,54.067,19.008,2040.0,202.81,308.0,1408.0,9.942,15.098,69.02,3,43,49,90,14.333,16.333,30.0,ph95_to15,Pz-Oz,Theta computed from EEG Pz-Oz; labels from EOG.,Bandpass 0.1–60.0 Hz; Welch detrend=linear.
SC4052E0-PSG.edf,95.0,15.0,88.501,35.575,5400.0,624.72,808.0,3608.0,11.569,14.963,66.815,12,117,149,245,9.75,12.417,20.417,ph95_to15,Pz-Oz,Theta computed from EEG Pz-Oz; labels from EOG.,Bandpass 0.1–60.0 Hz; Welch detrend=linear.
SC4061E0-PSG.edf,95.0,15.0,95.872,36.745,3060.0,347.14,460.0,2072.0,11.344,15.033,67.712,4,61,83,129,15.25,20.75,32.25,ph95_to15,Pz-Oz,Theta computed from EEG Pz-Oz; labels from EOG.,Bandpass 0.1–60.0 Hz; Welch detrend=linear.
SC4062E0-PSG.edf,95.0,15.0,89.402,20.877,5610.0,610.91,840.0,3884.0,10.89,14.973,69.234,6,110,111,201,18.333,18.5,33.5,ph95_to15,Pz-Oz,Theta computed from EEG Pz-Oz; labels from EOG.,Bandpass 0.1–60.0 Hz; Welch detrend=linear.
SC4071E0-PSG.edf,95.0,15.0,69.866,23.964,5940.0,981.08,888.0,3608.0,16.516,14.949,60.741,11,149,140,256,13.545,12.727,23.273,ph95_to15,Pz-Oz,Theta computed from EEG Pz-Oz; labels from EOG.,Bandpass 0.1–60.0 Hz; Welch detrend=linear.
SC4072E0-PSG.edf,95.0,15.0,90.902,39.231,5040.0,841.52,748.0,3044.0,16.697,14.841,60.397,31,133,130,237,4.29,4.194,7.645,ph95_to15,Pz-Oz,Theta computed from EEG Pz-Oz; labels from EOG.,Bandpass 0.1–60.0 Hz; Welch detrend=linear.
SC4081E0-PSG.edf,95.0,15.0,133.085,28.668,3930.0,559.6,592.0,2552.0,14.239,15.064,64.936,4,96,80,166,24.0,20.0,41.5,ph95_to15,Pz-Oz,Theta computed from EEG Pz-Oz; labels from EOG.,Bandpass 0.1–60.0 Hz; Welch detrend=linear.
SC4082E0-PSG.edf,95.0,15.0,127.547,28.695,7800.0,1263.97,1164.0,4804.0,16.205,14.923,61.59,8,202,148,307,25.25,18.5,38.375,ph95_to15,Pz-Oz,Theta computed from EEG Pz-Oz; labels from EOG.,Bandpass 0.1–60.0 Hz; Welch detrend=linear.
SC4091E0-PSG.edf,95.0,15.0,61.095,21.993,6960.0,911.78,1040.0,4576.0,13.1,14.943,65.747,17,148,173,282,8.706,10.176,16.588,ph95_to15,Pz-Oz,Theta computed from EEG Pz-Oz; labels from EOG.,Bandpass 0.1–60.0 Hz; Welch detrend=linear.
SC4092E0-PSG.edf,95.0,15.0,69.626,32.143,7950.0,1190.86,1180.0,5088.0,14.979,14.843,64.0,12,164,229,351,13.667,19.083,29.25,ph95_to15,Pz-Oz,Theta computed from EEG Pz-Oz; labels from EOG.,Bandpass 0.1–60.0 Hz; Welch detrend=linear.
SC4101E0-PSG.edf,95.0,15.0,102.023,30.896,6210.0,986.04,928.0,3888.0,15.878,14.944,62.609,4,157,115,223,39.25,28.75,55.75,ph95_to15,Pz-Oz,Theta computed from EEG Pz-Oz; labels from EOG.,Bandpass 0.1–60.0 Hz; Welch detrend=linear.
SC4102E0-PSG.edf,95.0,15.0,115.49,31.301,5970.0,981.21,896.0,3688.0,16.436,15.008,61.776,3,147,105,210,49.0,35.0,70.0,ph95_to15,Pz-Oz,Theta computed from EEG Pz-Oz; labels from EOG.,Bandpass 0.1–60.0 Hz; Welch detrend=linear.
SC4111E0-PSG.edf,95.0,15.0,84.144,22.203,4740.0,669.76,712.0,3040.0,14.13,15.021,64.135,6,108,101,179,18.0,16.833,29.833,ph95_to15,Pz-Oz,Theta computed from EEG Pz-Oz; labels from EOG.,Bandpass 0.1–60.0 Hz; Welch detrend=linear.
SC4112E0-PSG.edf,95.0,15.0,58.289,34.471,4530.0,885.75,668.0,2580.0,19.553,14.746,56.954,7,122,131,209,17.429,18.714,29.857,ph95_to15,Pz-Oz,Theta computed from EEG Pz-Oz; labels from EOG.,Bandpass 0.1–60.0 Hz; Welch detrend=linear.
SC4121E0-PSG.edf,95.0,15.0,55.398,18.63,7740.0,1043.26,1160.0,5080.0,13.479,14.987,65.633,8,149,202,316,18.625,25.25,39.5,ph95_to15,Pz-Oz,Theta computed from EEG Pz-Oz; labels from EOG.,Bandpass 0.1–60.0 Hz; Welch detrend=linear.
SC4001E0-PSG.edf,95.0,20.0,81.283,27.147,3750.0,509.81,748.0,2284.0,13.595,19.947,60.907,6,76,104,164,12.667,17.333,27.333,ph95_to20,Pz-Oz,Theta computed from EEG Pz-Oz; labels from EOG.,Bandpass 0.1–60.0 Hz; Welch detrend=linear.
SC4002E0-PSG.edf,95.0,20.0,63.008,38.851,6450.0,1059.1,1264.0,3712.0,16.42,19.597,57.55,12,141,234,324,11.75,19.5,27.0,ph95_to20,Pz-Oz,Theta computed from EEG Pz-Oz; labels from EOG.,Bandpass 0.1–60.0 Hz; Welch detrend=linear.
SC4011E0-PSG.edf,95.0,20.0,99.135,25.484,5100.0,613.91,1020.0,3160.0,12.037,20.0,61.961,8,100,112,192,12.5,14.0,24.0,ph95_to20,Pz-Oz,Theta computed from EEG Pz-Oz; labels from EOG.,Bandpass 0.1–60.0 Hz; Welch detrend=linear.
SC4012E0-PSG.edf,95.0,20.0,147.517,39.758,5280.0,707.0,1056.0,3172.0,13.39,20.0,60.076,18,118,112,205,6.556,6.222,11.389,ph95_to20,Pz-Oz,Theta computed from EEG Pz-Oz; labels from EOG.,Bandpass 0.1–60.0 Hz; Welch detrend=linear.
SC4021E0-PSG.edf,95.0,20.0,91.941,24.598,4890.0,566.98,976.0,3024.0,11.595,19.959,61.84,15,102,107,194,6.8,7.133,12.933,ph95_to20,Pz-Oz,Theta computed from EEG Pz-Oz; labels from EOG.,Bandpass 0.1–60.0 Hz; Welch detrend=linear.
SC4022E0-PSG.edf,95.0,20.0,136.769,36.386,5370.0,605.63,1072.0,3396.0,11.278,19.963,63.24,11,107,146,233,9.727,13.273,21.182,ph95_to20,Pz-Oz,Theta computed from EEG Pz-Oz; labels from EOG.,Bandpass 0.1–60.0 Hz; Welch detrend=linear.
SC4031E0-PSG.edf,95.0,20.0,93.154,37.098,6270.0,913.69,1236.0,3712.0,14.572,19.713,59.203,10,138,210,306,13.8,21.0,30.6,ph95_to20,Pz-Oz,Theta computed from EEG Pz-Oz; labels from EOG.,Bandpass 0.1–60.0 Hz; Welch detrend=linear.
SC4032E0-PSG.edf,95.0,20.0,103.956,39.683,5970.0,760.08,1188.0,3652.0,12.732,19.899,61.173,12,121,197,289,10.083,16.417,24.083,ph95_to20,Pz-Oz,Theta computed from EEG Pz-Oz; labels from EOG.,Bandpass 0.1–60.0 Hz; Welch detrend=linear.
SC4041E0-PSG.edf,95.0,20.0,93.152,28.163,5880.0,963.5,1172.0,3416.0,16.386,19.932,58.095,24,132,159,270,5.5,6.625,11.25,ph95_to20,Pz-Oz,Theta computed from EEG Pz-Oz; labels from EOG.,Bandpass 0.1–60.0 Hz; Welch detrend=linear.
SC4042E0-PSG.edf,95.0,20.0,94.959,25.031,8100.0,1222.6,1612.0,4756.0,15.094,19.901,58.716,33,184,190,355,5.576,5.758,10.758,ph95_to20,Pz-Oz,Theta computed from EEG Pz-Oz; labels from EOG.,Bandpass 0.1–60.0 Hz; Welch detrend=linear.
SC4051E0-PSG.edf,95.0,20.0,54.067,20.199,2040.0,202.81,408.0,1304.0,9.942,20.0,63.922,3,43,59,96,14.333,19.667,32.0,ph95_to20,Pz-Oz,Theta computed from EEG Pz-Oz; labels from EOG.,Bandpass 0.1–60.0 Hz; Welch detrend=linear.
SC4052E0-PSG.edf,95.0,20.0,88.501,37.725,5400.0,624.72,1076.0,3328.0,11.569,19.926,61.63,12,117,182,273,9.75,15.167,22.75,ph95_to20,Pz-Oz,Theta computed from EEG Pz-Oz; labels from EOG.,Bandpass 0.1–60.0 Hz; Welch detrend=linear.
SC4061E0-PSG.edf,95.0,20.0,95.872,38.554,3060.0,347.14,612.0,1920.0,11.344,20.0,62.745,4,61,101,146,15.25,25.25,36.5,ph95_to20,Pz-Oz,Theta computed from EEG Pz-Oz; labels from EOG.,Bandpass 0.1–60.0 Hz; Welch detrend=linear.
SC4062E0-PSG.edf,95.0,20.0,89.402,22.743,5610.0,610.91,1116.0,3588.0,10.89,19.893,63.957,6,110,134,221,18.333,22.333,36.833,ph95_to20,Pz-Oz,Theta computed from EEG Pz-Oz; labels from EOG.,Bandpass 0.1–60.0 Hz; Welch detrend=linear.
SC4071E0-PSG.edf,95.0,20.0,69.866,25.212,5940.0,981.08,1184.0,3296.0,16.516,19.933,55.488,11,149,167,275,13.545,15.182,25.0,ph95_to20,Pz-Oz,Theta computed from EEG Pz-Oz; labels from EOG.,Bandpass 0.1–60.0 Hz; Welch detrend=linear.
SC4072E0-PSG.edf,95.0,20.0,90.902,41.61,5040.0,841.52,996.0,2780.0,16.697,19.762,55.159,31,133,161,251,4.29,5.194,8.097,ph95_to20,Pz-Oz,Theta computed from EEG Pz-Oz; labels from EOG.,Bandpass 0.1–60.0 Hz; Welch detrend=linear.
SC4081E0-PSG.edf,95.0,20.0,133.085,32.193,3930.0,559.6,788.0,2340.0,14.239,20.051,59.542,4,96,92,174,24.0,23.0,43.5,ph95_to20,Pz-Oz,Theta computed from EEG Pz-Oz; labels from EOG.,Bandpass 0.1–60.0 Hz; Welch detrend=linear.
SC4082E0-PSG.edf,95.0,20.0,127.547,33.418,7800.0,1263.97,1552.0,4388.0,16.205,19.897,56.256,8,202,176,323,25.25,22.0,40.375,ph95_to20,Pz-Oz,Theta computed from EEG Pz-Oz; labels from EOG.,Bandpass 0.1–60.0 Hz; Welch detrend=linear.
SC4091E0-PSG.edf,95.0,20.0,61.095,23.173,6960.0,911.78,1388.0,4208.0,13.1,19.943,60.46,17,148,208,305,8.706,12.235,17.941,ph95_to20,Pz-Oz,Theta computed from EEG Pz-Oz; labels from EOG.,Bandpass 0.1–60.0 Hz; Welch detrend=linear.
SC4092E0-PSG.edf,95.0,20.0,69.626,34.334,7950.0,1190.86,1576.0,4676.0,14.979,19.824,58.818,12,164,268,385,13.667,22.333,32.083,ph95_to20,Pz-Oz,Theta computed from EEG Pz-Oz; labels from EOG.,Bandpass 0.1–60.0 Hz; Welch detrend=linear.
SC4101E0-PSG.edf,95.0,20.0,102.023,33.989,6210.0,986.04,1236.0,3552.0,15.878,19.903,57.198,4,157,138,238,39.25,34.5,59.5,ph95_to20,Pz-Oz,Theta computed from EEG Pz-Oz; labels from EOG.,Bandpass 0.1–60.0 Hz; Welch detrend=linear.
SC4102E0-PSG.edf,95.0,20.0,115.49,35.207,5970.0,981.21,1192.0,3388.0,16.436,19.966,56.75,3,147,125,223,49.0,41.667,74.333,ph95_to20,Pz-Oz,Theta computed from EEG Pz-Oz; labels from EOG.,Bandpass 0.1–60.0 Hz; Welch detrend=linear.
SC4111E0-PSG.edf,95.0,20.0,84.144,24.33,4740.0,669.76,948.0,2788.0,14.13,20.0,58.819,6,108,116,189,18.0,19.333,31.5,ph95_to20,Pz-Oz,Theta computed from EEG Pz-Oz; labels from EOG.,Bandpass 0.1–60.0 Hz; Welch detrend=linear.
SC4112E0-PSG.edf,95.0,20.0,58.289,36.478,4530.0,885.75,884.0,2360.0,19.553,19.514,52.097,7,122,159,227,17.429,22.714,32.429,ph95_to20,Pz-Oz,Theta computed from EEG Pz-Oz; labels from EOG.,Bandpass 0.1–60.0 Hz; Welch detrend=linear.
SC4121E0-PSG.edf,95.0,20.0,55.398,19.555,7740.0,1043.26,1544.0,4684.0,13.479,19.948,60.517,8,149,239,345,18.625,29.875,43.125,ph95_to20,Pz-Oz,Theta computed from EEG Pz-Oz; labels from EOG.,Bandpass 0.1–60.0 Hz; Welch detrend=linear.
